


-- Create sequence 
create sequence HIBERNATE_SEQUENCE
minvalue 1
maxvalue 999999999999999999
start with 666
increment by 1
cache 20;

-- Create table
create table GLOBAL_USER
(
  WBI                   VARCHAR(80) not null,
  PRIMARY_LOCATION      integer not null,
  EMAIL                 VARCHAR(800),
  NAME                  VARCHAR(800),
  LOGIN_ALLOWED         BOOL default true not null,
  LAST_LOGIN            TIMESTAMP(6),
  LAST_UPDATED          TIMESTAMP(6) not null,
  UPDATED_BY            VARCHAR(200) not null,
  UPDATE_INFO           VARCHAR(400),
  EXCLUDE_LOGIN_LOCKING BOOL default false
);
-- Create/Recreate primary, unique and foreign key constraints 
alter table GLOBAL_USER
  add constraint PK_USER primary key (WBI)
;
alter table GLOBAL_USER
  add constraint FK_PRIMARY_LOCATION foreign key (PRIMARY_LOCATION)
  references GLOBAL_LOCATION (ID);
alter table GLOBAL_USER
  add constraint FK_USER_UPD_BY foreign key (UPDATED_BY)
  references GLOBAL_USER (WBI);
-- Create/Recreate check constraints 
alter table GLOBAL_USER
  add constraint CH_LOGIN_ALLOWED
  check (login_allowed                    in ('0','1'));
-- Create/Recreate indexes 
create index FK_USER on GLOBAL_USER (PRIMARY_LOCATION)
;

-- Create table
create table GLOBAL_LOCATION
(
  ID                integer GENERATED BY DEFAULT AS IDENTITY PRIMARY KEY,
  ACRONYM           VARCHAR(200) not null,
  CITY              VARCHAR(200),
  COUNTRY           VARCHAR(200),
  SAP               VARCHAR(200),
  TMDB              VARCHAR(200),
  PLANNING_ENGINE   VARCHAR(200),
  STATUS            VARCHAR(200) not null,
  LAST_UPDATE       TIMESTAMP(6) not null,
  UPDATE_INFO       VARCHAR(400),
  UPDATED_BY        VARCHAR(200) not null,
  EXTENDED_SUFFIX   VARCHAR(80),
  MENU_GROUPING     VARCHAR(200),
  IS_SUBCONTRACTOR  CHAR(4) default '0' not null,
  VENDOR_CODE       VARCHAR(104),
  LOCATION_CATEGORY VARCHAR(50) default 'PRODUCTION' not null
);
alter table GLOBAL_LOCATION
  add constraint U_LOC_ACR unique (ACRONYM)
;
alter table GLOBAL_LOCATION
  add constraint FK_LOCATION_UPDATE_USER foreign key (UPDATED_BY)
  references GLOBAL_USER (WBI);

-- Create table
create table GLOBAL_TEMPLATE
(
  NAME        VARCHAR(200) not null,
  TEMPLATE    oid,
  LAST_UPDATE TIMESTAMP(6) not null,
  UPDATED_BY  VARCHAR(200) not null,
  UPDATE_INFO VARCHAR(400)
);
-- Create/Recreate primary, unique and foreign key constraints 
alter table GLOBAL_TEMPLATE
  add constraint PK_GLOBAL_TEMPLATE primary key (NAME)
;
alter table GLOBAL_TEMPLATE
  add constraint FK_TEMPLATE_UPDATED_BY foreign key (UPDATED_BY)
  references GLOBAL_USER (WBI);
-- Create/Recreate check constraints 
alter table GLOBAL_TEMPLATE
  add constraint NN_TEMPLATE_LAST_UPDATE
  check (last_update is not null);
alter table GLOBAL_TEMPLATE
  add constraint NN_TEMPLATE_NAME
  check (name        is not null);
alter table GLOBAL_TEMPLATE
  add constraint NN_TEMPLATE_TEMPLATE
  check (template    is not null);
alter table GLOBAL_TEMPLATE
  add constraint NN_TEMPLATE_UPDATED_BY
  check (updated_by  is not null);


-- Create table
create table GLOBAL_MANUFACTURER
(
  LOCATION_ID       integer not null,
  MANUFACTURER_CODE VARCHAR(200) not null,
  LAST_UPDATE       TIMESTAMP(6) not null,
  UPDATED_BY        VARCHAR(200) not null
);
alter table GLOBAL_MANUFACTURER
  add constraint PK_GLOBAL_MANUFACTURER primary key (MANUFACTURER_CODE)
  ;
alter table GLOBAL_MANUFACTURER
  add constraint FK_GLOB_MAN_GLOB_LOC foreign key (LOCATION_ID)
  references GLOBAL_LOCATION (ID);
alter table GLOBAL_MANUFACTURER
  add constraint FK_GLOB_MAN_GLOB_USER foreign key (UPDATED_BY)
  references GLOBAL_USER (WBI);
  
  


-- Create table
create table REVINFO
(
  REV        BIGINT,
  REVTSTMP   BIGINT,
  UPDATED_BY VARCHAR(80)
);

-- Create table
create table SYS_TIBCO_TOPIC_OUTPUT
(
  ID          integer GENERATED BY DEFAULT AS IDENTITY PRIMARY KEY,
  TOPIC_NAME  VARCHAR(1000) not null,
  JOB_STATUS  VARCHAR(200) not null,
  STARTED_AT  TIMESTAMP(6) not null,
  FINISHED_AT TIMESTAMP(6),
  INFO        VARCHAR(1000),
  ERROR_MSG   VARCHAR(1000)
);


-- Create table
create table SYS_TIBCO_TOPIC_DATA
(
  TOPIC_NAME   VARCHAR(250) not null,
  TOPIC_DATA   oid,
  LAST_UPDATED TIMESTAMP(6) not null
);
-- Create/Recreate primary, unique and foreign key constraints 
alter table SYS_TIBCO_TOPIC_DATA
  add constraint PK_SYS_TIBCO_TOPIC_DATA primary key (TOPIC_NAME)
;

-- Create table
create table SYS_JOB_LOG
(
  TIME        TIMESTAMP(6) not null,
  JOB_NAME    VARCHAR(400) not null,
  INFO        VARCHAR(4000) not null,
  TRACKING_ID VARCHAR(100)
);
-- Create/Recreate primary, unique and foreign key constraints 
alter table SYS_JOB_LOG
  add constraint PK_JOB_LOG primary key (TIME)
;
-- Create/Recreate indexes 
create index IDX_SYSJOBLOG_TRACKINGID on SYS_JOB_LOG (TRACKING_ID)
;

-- Create table
create table GLOBAL_ROLE
(
  ID          VARCHAR(200) not null,
  ROLE_NAME   VARCHAR(800) not null,
  GLOBAL      BOOL default false not null,
  DESCRIPTION VARCHAR(800)
)
;
-- Create/Recreate primary, unique and foreign key constraints 
alter table GLOBAL_ROLE
  add constraint PK_GLOBAL_ROLE primary key (ID)
;

-- Create table
create table GLOBAL_USER_SETTING
(
  USER_ID VARCHAR(200) not null,
  KEY     VARCHAR(800) not null,
  VALUE   oid
)
;
-- Create/Recreate primary, unique and foreign key constraints 
alter table GLOBAL_USER_SETTING
  add constraint PK_USER_SETTING primary key (USER_ID,KEY)
;
alter table GLOBAL_USER_SETTING
  add constraint FK_USER_SETTING_USER foreign key (USER_ID)
  references GLOBAL_USER (WBI);

-- Create table
create table GLOBAL_USER_ROLE
(
  USER_ID      VARCHAR(80) not null,
  ROLE_ID      VARCHAR(200) not null,
  LOCATION     integer not null,
  LAST_UPDATED TIMESTAMP(6) not null,
  UPDATED_BY   VARCHAR(200) not null,
  UPDATE_INFO  VARCHAR(400)
)
;
-- Create/Recreate primary, unique and foreign key constraints 
alter table GLOBAL_USER_ROLE
  add constraint PK_USER_ROLE primary key (USER_ID,ROLE_ID,LOCATION)
;
alter table GLOBAL_USER_ROLE
  add constraint FK_GLOBAL_USER_ROLEUPDATED_BY_WBI foreign key (UPDATED_BY)
  references GLOBAL_USER (WBI);
alter table GLOBAL_USER_ROLE
  add constraint FK_ROLE foreign key (ROLE_ID)
  references GLOBAL_ROLE (ID);
alter table GLOBAL_USER_ROLE
  add constraint FK_USER foreign key (USER_ID)
  references GLOBAL_USER (WBI);
alter table GLOBAL_USER_ROLE
  add constraint FK_USER_ROLE_LOCATION foreign key (LOCATION)
  references GLOBAL_LOCATION (ID);
-- Create/Recreate indexes 
create index FK_GLOBAL_USER_ROLE_LOCATION on GLOBAL_USER_ROLE (LOCATION)
;
create index FK_GLOBAL_USER_ROLE_ROLE on GLOBAL_USER_ROLE (ROLE_ID)
;
create index FK_GLOBAL_USER_ROLE_USER on GLOBAL_USER_ROLE (USER_ID)
;

-- Create table
create table GLOBAL_DELEGATE_V2
(
  ID           integer GENERATED BY DEFAULT AS IDENTITY PRIMARY KEY,
  APPROVER_WBI VARCHAR(20) not null,
  DELEGATE_WBI VARCHAR(20) not null,
  START_DATE   TIMESTAMP(6),
  END_DATE     TIMESTAMP(6),
  LAST_UPDATED TIMESTAMP(6),
  UPDATED_BY   VARCHAR(20)
);
;
alter table GLOBAL_DELEGATE_V2
  add constraint U_DELEGATE_V2_APPROVER_WBI unique (APPROVER_WBI)
;
alter table GLOBAL_DELEGATE_V2
  add constraint FK_DELEGATE_V2_APPOVER foreign key (APPROVER_WBI)
  references GLOBAL_USER (WBI);
alter table GLOBAL_DELEGATE_V2
  add constraint FK_DELEGATE_V2_DELEGATE foreign key (DELEGATE_WBI)
  references GLOBAL_USER (WBI);

-- Create table
create table GLOBAL_NOTIFICATION
(
  ID        integer GENERATED BY DEFAULT AS IDENTITY PRIMARY KEY,
  USER_ID   VARCHAR(80) not null,
  TIMESTAMP TIMESTAMP(6) not null,
  READ      BOOL default FALSE not null,
  SEVERITY  VARCHAR(80) not null,
  TITLE     VARCHAR(800) not null,
  MESSAGE   VARCHAR(4000)
);
alter table GLOBAL_NOTIFICATION
  add constraint FK_NOTIFICATION_USER foreign key (USER_ID)
  references GLOBAL_USER (WBI);
-- Create/Recreate check constraints 
alter table GLOBAL_NOTIFICATION
  add constraint CH_NOTIFICATION_READ
  check (read in ('0','1'));
-- Create/Recreate indexes 
create index IX_NOTIFICATION_UIR on GLOBAL_NOTIFICATION (USER_ID,READ)
;
create index X_NOTIFICATION_TSUIR on GLOBAL_NOTIFICATION (TIMESTAMP,USER_ID,READ)
;



-- Create table
create table GLOBAL_NXP_PROD_YEAR
(
  YEAR        integer not null,
  START_DATE  TIMESTAMP(6) not null,
  END_DATE    TIMESTAMP(6),
  LAST_UPDATE TIMESTAMP(6),
  UPDATED_BY  VARCHAR(200)
);
-- Create/Recreate primary, unique and foreign key constraints 
alter table GLOBAL_NXP_PROD_YEAR
  add constraint PK_PROD_YEAR primary key (YEAR)
;

-- Create table
create table GLOBAL_GLOSSARY
(
  TERM              VARCHAR(200) not null,
  SHORT_DESCRIPTION VARCHAR(800),
  LONG_DESCRIPTION  VARCHAR(4000)
);
-- Create/Recreate primary, unique and foreign key constraints 
alter table GLOBAL_GLOSSARY
  add constraint PK_GLOSSARY primary key (TERM)
;

-- Create table
create table LOCAL_ACTIVITY_LOG
(
  USER_ID       VARCHAR(200) not null,
  LOCATION      integer not null,
  ACTIVITY_DATE TIMESTAMP(6) not null,
  ACTIVITY      VARCHAR(2000) not null
);
-- Create/Recreate primary, unique and foreign key constraints 
alter table LOCAL_ACTIVITY_LOG
  add constraint PK_LOCAL_ACTIVITY_LOG primary key (USER_ID,LOCATION,ACTIVITY_DATE)
;
alter table LOCAL_ACTIVITY_LOG
  add constraint FK_ACT_LOG_LOCATION foreign key (LOCATION)
  references GLOBAL_LOCATION (ID);
alter table LOCAL_ACTIVITY_LOG
  add constraint FK_ACT_LOG_USER foreign key (USER_ID)
  references GLOBAL_USER (WBI);

-- Create table
create table SYS_JOB_OVERVIEW
(
  ID                  integer GENERATED BY DEFAULT AS IDENTITY PRIMARY KEY,
  JOB_NAME            VARCHAR(1000) not null,
  JOB_DESCRIPTION     VARCHAR(1000),
  TRIGGER_NAME        VARCHAR(1000),
  TRIGGER_DESCRIPTION VARCHAR(1000),
  CRON_EXPRESSION     VARCHAR(240),
  TIMEZONE            VARCHAR(1000),
  PREVIOUS_FIRE_TIME  TIMESTAMP(6),
  NEXT_FIRE_TIME      TIMESTAMP(6),
  ACTION              VARCHAR(1000),
  LAST_UPDATED        TIMESTAMP(6),
  UPDATED_BY          VARCHAR(80)
)
;

-- Create table
create table SYS_CONFIG_FILE
(
  CONFIG_ITEM  VARCHAR(50) not null,
  CONFIG_VALUE oid not null,
  LAST_UPDATED TIMESTAMP(6) not null,
  UPDATED_BY   VARCHAR(50) not null,
  UPDATE_INFO  VARCHAR(400)
);
-- Create/Recreate primary, unique and foreign key constraints 
alter table SYS_CONFIG_FILE
  add constraint PK_SYS_CONFIG_FILE primary key (CONFIG_ITEM)
;
alter table SYS_CONFIG_FILE
  add constraint FK_CONFIG_FILE_UPDATE_USER foreign key (UPDATED_BY)
  references GLOBAL_USER (WBI);

-- Create table
create table GLOBAL_SAP_CODE
(
  PLANT_CODE      VARCHAR(40) not null,
  CNTR_ACRONYM    VARCHAR(40),
  CNTR_CITY       VARCHAR(200),
  CNTR_COUNTRY    VARCHAR(200),
  CNTR_STATE      VARCHAR(80),
  MANAGED_BY_SITE integer,
  UPDATED_BY      VARCHAR(50),
  LAST_UPDATED    TIMESTAMP(6),
  UPDATE_INFO     VARCHAR(400)
);
-- Create/Recreate primary, unique and foreign key constraints 
alter table GLOBAL_SAP_CODE
  add constraint PK_GLOBAL_SAP_CODE primary key (PLANT_CODE)
;
alter table GLOBAL_SAP_CODE
  add constraint FK_GLOBAL_SAP_CODEUPDATED_BY_WBI foreign key (UPDATED_BY)
  references GLOBAL_USER (WBI);
alter table GLOBAL_SAP_CODE
  add constraint FK_SAPCODE_LOCATION foreign key (MANAGED_BY_SITE)
  references GLOBAL_LOCATION (ID);

-- Create table
create table SYS_CONFIG
(
  CONFIG_ITEM  VARCHAR(50) not null,
  CONFIG_VALUE VARCHAR(50) not null,
  LAST_UPDATED TIMESTAMP(6) not null,
  UPDATED_BY   VARCHAR(50) not null,
  UPDATE_INFO  VARCHAR(400)
);
-- Create/Recreate primary, unique and foreign key constraints 
alter table SYS_CONFIG
  add constraint PK_SYS_CONFIG primary key (CONFIG_ITEM)
;
alter table SYS_CONFIG
  add constraint FK_CONFIG_UPDATE_USER foreign key (UPDATED_BY)
  references GLOBAL_USER (WBI);


-- Create table
create table SYS_PLAN_STAT
(
  CONSTANT_NAME VARCHAR(200) not null,
  SORT_ORDER    integer not null,
  CAP_VIEW      integer not null,
  EQ_VIEW       integer not null,
  STATUS        VARCHAR(200) not null
);
-- Create/Recreate indexes 
create index IX_SYS_PLAN_STAT_CNST on SYS_PLAN_STAT (CONSTANT_NAME)
;

-- Create table
create table GLOBAL_LOCATION_AUD
(
  ID                integer,
  ACRONYM           VARCHAR(200),
  CITY              VARCHAR(200),
  COUNTRY           VARCHAR(200),
  SAP               VARCHAR(200),
  TMDB              VARCHAR(200),
  PLANNING_ENGINE   VARCHAR(200),
  STATUS            VARCHAR(200),
  LAST_UPDATE       TIMESTAMP(6),
  UPDATE_INFO       VARCHAR(400),
  UPDATED_BY        VARCHAR(200),
  EXTENDED_SUFFIX   VARCHAR(80),
  MENU_GROUPING     VARCHAR(200),
  IS_SUBCONTRACTOR  CHAR(4),
  VENDOR_CODE       VARCHAR(104),
  REV               BIGINT,
  REVTYPE           smallint,
  LOCATION_CATEGORY VARCHAR(50)
);
-- Create/Recreate primary, unique and foreign key constraints 
alter table GLOBAL_LOCATION_AUD
  add constraint FK_GLOBAL_LOCATION_AUDUPDATED_BY_WBI foreign key (UPDATED_BY)
  references GLOBAL_USER (WBI);


-- Create table
create table GLOBAL_MANUFACTURER_AUD
(
  LOCATION_ID       integer,
  MANUFACTURER_CODE VARCHAR(104),
  LAST_UPDATE       TIMESTAMP(6),
  UPDATED_BY        VARCHAR(200),
  REV               BIGINT,
  REVTYPE           smallint
)
;


-- Create table
create table GLOBAL_NXP_PROD_YEAR_AUD
(
  YEAR        integer,
  START_DATE  TIMESTAMP(6),
  END_DATE    TIMESTAMP(6),
  LAST_UPDATE TIMESTAMP(6),
  UPDATED_BY  VARCHAR(200),
  REV         BIGINT,
  REVTYPE     smallint
);

-- Create table
create table GLOBAL_SAP_CODE_AUD
(
  PLANT_CODE      VARCHAR(40),
  CNTR_ACRONYM    VARCHAR(40),
  CNTR_CITY       VARCHAR(200),
  CNTR_COUNTRY    VARCHAR(200),
  CNTR_STATE      VARCHAR(80),
  MANAGED_BY_SITE integer,
  UPDATED_BY      VARCHAR(50),
  LAST_UPDATED    TIMESTAMP(6),
  UPDATE_INFO     VARCHAR(100),
  REV             BIGINT,
  REVTYPE         smallint
);

-- Create table
create table GLOBAL_USER_AUD
(
  WBI                   VARCHAR(80),
  PRIMARY_LOCATION      integer,
  EMAIL                 VARCHAR(800),
  NAME                  VARCHAR(800),
  LOGIN_ALLOWED         BOOL,
  LAST_LOGIN            TIMESTAMP(6),
  LAST_UPDATED          TIMESTAMP(6),
  UPDATED_BY            VARCHAR(800),
  UPDATE_INFO           VARCHAR(400),
  EXCLUDE_LOGIN_LOCKING BOOL,
  REV                   BIGINT,
  REVTYPE               smallint
);

-- Create table
create table GLOBAL_USER_ROLE_AUD
(
  USER_ID      VARCHAR(80),
  ROLE_ID      VARCHAR(200),
  LOCATION     integer,
  LAST_UPDATED TIMESTAMP(6),
  UPDATED_BY   VARCHAR(800),
  UPDATE_INFO  VARCHAR(400),
  REV          BIGINT,
  REVTYPE      smallint
)
;


-- Create table
create table QRTZ_JOB_DETAILS
(
  SCHED_NAME        VARCHAR(120) not null,
  JOB_NAME          VARCHAR(200) not null,
  JOB_GROUP         VARCHAR(200) not null,
  DESCRIPTION       VARCHAR(250),
  JOB_CLASS_NAME    VARCHAR(250) not null,
  IS_DURABLE        BOOL not null,
  IS_NONCONCURRENT  BOOL not null,
  IS_UPDATE_DATA    BOOL not null,
  REQUESTS_RECOVERY BOOL not null,
  JOB_DATA          BYTEA
)
;
-- Create/Recreate primary, unique and foreign key constraints 
alter table QRTZ_JOB_DETAILS
  add constraint QRTZ_JOB_DETAILS_PK primary key (SCHED_NAME,JOB_NAME,JOB_GROUP)
;
-- Create/Recreate indexes 
create index IDX_QRTZ_J_GRP on QRTZ_JOB_DETAILS (SCHED_NAME,JOB_GROUP)
;
create index IDX_QRTZ_J_REQ_RECOVERY on QRTZ_JOB_DETAILS (SCHED_NAME,REQUESTS_RECOVERY)
;

-- Create table
create table QRTZ_TRIGGERS
(
  SCHED_NAME     VARCHAR(120) not null,
  TRIGGER_NAME   VARCHAR(200) not null,
  TRIGGER_GROUP  VARCHAR(200) not null,
  JOB_NAME       VARCHAR(200) not null,
  JOB_GROUP      VARCHAR(200) not null,
  DESCRIPTION    VARCHAR(250),
  NEXT_FIRE_TIME integer,
  PREV_FIRE_TIME integer,
  PRIORITY       integer,
  TRIGGER_STATE  VARCHAR(16) not null,
  TRIGGER_TYPE   VARCHAR(8) not null,
  START_TIME     integer not null,
  END_TIME       integer,
  CALENDAR_NAME  VARCHAR(200),
  MISFIRE_INSTR  integer,
  JOB_DATA       BYTEA
)
;
-- Create/Recreate primary, unique and foreign key constraints 
alter table QRTZ_TRIGGERS
  add constraint QRTZ_TRIGGERS_PK primary key (SCHED_NAME,TRIGGER_NAME,TRIGGER_GROUP)
;
alter table QRTZ_TRIGGERS
  add constraint QRTZ_TRIGGER_TO_JOBS_FK foreign key (SCHED_NAME,JOB_NAME,JOB_GROUP)
  references QRTZ_JOB_DETAILS (SCHED_NAME,JOB_NAME,JOB_GROUP);
-- Create/Recreate indexes 
create index IDX_QRTZ_T_C on QRTZ_TRIGGERS (SCHED_NAME,CALENDAR_NAME)
;
create index IDX_QRTZ_T_G on QRTZ_TRIGGERS (SCHED_NAME,TRIGGER_GROUP)
;
create index IDX_QRTZ_T_J on QRTZ_TRIGGERS (SCHED_NAME,JOB_NAME,JOB_GROUP)
;
create index IDX_QRTZ_T_JG on QRTZ_TRIGGERS (SCHED_NAME,JOB_GROUP)
;
create index IDX_QRTZ_T_NEXT_FIRE_TIME on QRTZ_TRIGGERS (SCHED_NAME,NEXT_FIRE_TIME)
;
create index IDX_QRTZ_T_NFT_MISFIRE on QRTZ_TRIGGERS (SCHED_NAME,MISFIRE_INSTR,NEXT_FIRE_TIME)
;
create index IDX_QRTZ_T_NFT_ST on QRTZ_TRIGGERS (SCHED_NAME,TRIGGER_STATE,NEXT_FIRE_TIME)
;
create index IDX_QRTZ_T_NFT_ST_MISFIRE on QRTZ_TRIGGERS (SCHED_NAME,MISFIRE_INSTR,NEXT_FIRE_TIME,TRIGGER_STATE)
;
create index IDX_QRTZ_T_NFT_ST_MISFIRE_GRP on QRTZ_TRIGGERS (SCHED_NAME,MISFIRE_INSTR,NEXT_FIRE_TIME,TRIGGER_GROUP,TRIGGER_STATE)
;
create index IDX_QRTZ_T_N_G_STATE on QRTZ_TRIGGERS (SCHED_NAME,TRIGGER_GROUP,TRIGGER_STATE)
;
create index IDX_QRTZ_T_N_STATE on QRTZ_TRIGGERS (SCHED_NAME,TRIGGER_NAME,TRIGGER_GROUP,TRIGGER_STATE)
;
create index IDX_QRTZ_T_STATE on QRTZ_TRIGGERS (SCHED_NAME,TRIGGER_STATE)
;




-- Create table
create table QRTZ_BLOB_TRIGGERS
(
  SCHED_NAME    VARCHAR(120) not null,
  TRIGGER_NAME  VARCHAR(200) not null,
  TRIGGER_GROUP VARCHAR(200) not null,
  BLOB_DATA     BYTEA
);
-- Create/Recreate primary, unique and foreign key constraints 
alter table QRTZ_BLOB_TRIGGERS
  add constraint QRTZ_BLOB_TRIG_PK primary key (SCHED_NAME,TRIGGER_NAME,TRIGGER_GROUP)
;
alter table QRTZ_BLOB_TRIGGERS
  add constraint QRTZ_BLOB_TRIG_TO_TRIG_FK foreign key (SCHED_NAME,TRIGGER_NAME,TRIGGER_GROUP)
  references QRTZ_TRIGGERS (SCHED_NAME,TRIGGER_NAME,TRIGGER_GROUP);

-- Create table
create table QRTZ_CALENDARS
(
  SCHED_NAME    VARCHAR(120) not null,
  CALENDAR_NAME VARCHAR(200) not null,
  CALENDAR      BYTEA not null
);
-- Create/Recreate primary, unique and foreign key constraints 
alter table QRTZ_CALENDARS
  add constraint QRTZ_CALENDARS_PK primary key (SCHED_NAME,CALENDAR_NAME)
;

-- Create table
create table QRTZ_CRON_TRIGGERS
(
  SCHED_NAME      VARCHAR(120) not null,
  TRIGGER_NAME    VARCHAR(200) not null,
  TRIGGER_GROUP   VARCHAR(200) not null,
  CRON_EXPRESSION VARCHAR(120) not null,
  TIME_ZONE_ID    VARCHAR(80)
);
-- Create/Recreate primary, unique and foreign key constraints 
alter table QRTZ_CRON_TRIGGERS
  add constraint QRTZ_CRON_TRIG_PK primary key (SCHED_NAME,TRIGGER_NAME,TRIGGER_GROUP)
;
alter table QRTZ_CRON_TRIGGERS
  add constraint QRTZ_CRON_TRIG_TO_TRIG_FK foreign key (SCHED_NAME,TRIGGER_NAME,TRIGGER_GROUP)
  references QRTZ_TRIGGERS (SCHED_NAME,TRIGGER_NAME,TRIGGER_GROUP);

-- Create table
create table QRTZ_FIRED_TRIGGERS
(
  SCHED_NAME        VARCHAR(120) not null,
  ENTRY_ID          VARCHAR(95) not null,
  TRIGGER_NAME      VARCHAR(200) not null,
  TRIGGER_GROUP     VARCHAR(200) not null,
  INSTANCE_NAME     VARCHAR(200) not null,
  FIRED_TIME        integer not null,
  SCHED_TIME        integer not null,
  PRIORITY          integer not null,
  STATE             VARCHAR(16) not null,
  JOB_NAME          VARCHAR(200),
  JOB_GROUP         VARCHAR(200),
  IS_NONCONCURRENT  BOOL,
  REQUESTS_RECOVERY BOOL
)
;
-- Create/Recreate primary, unique and foreign key constraints 
alter table QRTZ_FIRED_TRIGGERS
  add constraint QRTZ_FIRED_TRIGGER_PK primary key (SCHED_NAME,ENTRY_ID)
;
-- Create/Recreate indexes 
create index IDX_QRTZ_FT_INST_JOB_REQ_RCVRY on QRTZ_FIRED_TRIGGERS (SCHED_NAME,INSTANCE_NAME,REQUESTS_RECOVERY)
;
create index IDX_QRTZ_FT_JG on QRTZ_FIRED_TRIGGERS (SCHED_NAME,JOB_GROUP)
;
create index IDX_QRTZ_FT_J_G on QRTZ_FIRED_TRIGGERS (SCHED_NAME,JOB_NAME,JOB_GROUP)
;
create index IDX_QRTZ_FT_TG on QRTZ_FIRED_TRIGGERS (SCHED_NAME,TRIGGER_GROUP)
;
create index IDX_QRTZ_FT_TRIG_INST_NAME on QRTZ_FIRED_TRIGGERS (SCHED_NAME,INSTANCE_NAME)
;
create index IDX_QRTZ_FT_T_G on QRTZ_FIRED_TRIGGERS (SCHED_NAME,TRIGGER_NAME,TRIGGER_GROUP)
;


-- Create table
create table QRTZ_LOCKS
(
  SCHED_NAME VARCHAR(120) not null,
  LOCK_NAME  VARCHAR(40) not null
);
-- Create/Recreate primary, unique and foreign key constraints 
alter table QRTZ_LOCKS
  add constraint QRTZ_LOCKS_PK primary key (SCHED_NAME,LOCK_NAME)
;

-- Create table
create table QRTZ_PAUSED_TRIGGER_GRPS
(
  SCHED_NAME    VARCHAR(120) not null,
  TRIGGER_GROUP VARCHAR(200) not null
);
-- Create/Recreate primary, unique and foreign key constraints 
alter table QRTZ_PAUSED_TRIGGER_GRPS
  add constraint QRTZ_PAUSED_TRIG_GRPS_PK primary key (SCHED_NAME,TRIGGER_GROUP)
;


-- Create table
create table QRTZ_SCHEDULER_STATE
(
  SCHED_NAME        VARCHAR(120) not null,
  INSTANCE_NAME     VARCHAR(200) not null,
  LAST_CHECKIN_TIME integer not null,
  CHECKIN_INTERVAL  integer not null
);
-- Create/Recreate primary, unique and foreign key constraints 
alter table QRTZ_SCHEDULER_STATE
  add constraint QRTZ_SCHEDULER_STATE_PK primary key (SCHED_NAME,INSTANCE_NAME)
;

-- Create table
create table QRTZ_SIMPLE_TRIGGERS
(
  SCHED_NAME      VARCHAR(120) not null,
  TRIGGER_NAME    VARCHAR(200) not null,
  TRIGGER_GROUP   VARCHAR(200) not null,
  REPEAT_COUNT    integer not null,
  REPEAT_INTERVAL integer not null,
  TIMES_TRIGGERED integer not null
);
-- Create/Recreate primary, unique and foreign key constraints 
alter table QRTZ_SIMPLE_TRIGGERS
  add constraint QRTZ_SIMPLE_TRIG_PK primary key (SCHED_NAME,TRIGGER_NAME,TRIGGER_GROUP)
;
alter table QRTZ_SIMPLE_TRIGGERS
  add constraint QRTZ_SIMPLE_TRIG_TO_TRIG_FK foreign key (SCHED_NAME,TRIGGER_NAME,TRIGGER_GROUP)
  references QRTZ_TRIGGERS (SCHED_NAME,TRIGGER_NAME,TRIGGER_GROUP);

-- Create table
create table QRTZ_SIMPROP_TRIGGERS
(
  SCHED_NAME    VARCHAR(120) not null,
  TRIGGER_NAME  VARCHAR(200) not null,
  TRIGGER_GROUP VARCHAR(200) not null,
  STR_PROP_1    VARCHAR(512),
  STR_PROP_2    VARCHAR(512),
  STR_PROP_3    VARCHAR(512),
  INT_PROP_1    integer,
  INT_PROP_2    integer,
  LONG_PROP_1   integer,
  LONG_PROP_2   integer,
  DEC_PROP_1    integer,
  DEC_PROP_2    integer,
  BOOL_PROP_1   BOOL,
  BOOL_PROP_2   BOOL
);
alter table QRTZ_SIMPROP_TRIGGERS
  add constraint QRTZ_SIMPROP_TRIG_TO_TRIG_FK foreign key (SCHED_NAME,TRIGGER_NAME,TRIGGER_GROUP)
  references QRTZ_TRIGGERS (SCHED_NAME,TRIGGER_NAME,TRIGGER_GROUP);





--------------------------------------------------initial data---------------------------------------------------------


Insert into GLOBAL_ROLE (ID, ROLE_NAME, GLOBAL) values ('Financial_Yield_steward','Financial Yield steward', 1);
Insert into GLOBAL_ROLE (ID, ROLE_NAME, GLOBAL) values ('Site_yield_steward','Site yield steward', 1);



insert into global_sap_code values ('E173','ISRA','Romans Cedex','France','Released');
insert into global_sap_code values ('E175','JCET-J','Jiangyin','China','Released');
insert into global_sap_code values ('E177','LUNAR','New Taipei City','Taiwan','Released');
insert into global_sap_code values ('E179','MICRODUL','Zurich','Switzerland','Released');
insert into global_sap_code values ('E181','ATEP','Vila do Conde','Portugal','Released');
insert into global_sap_code values ('E182','SIGURD','Hsin-chu','Taiwan','Released');
insert into global_sap_code values ('E184','HYNM8','Cheongju-si','South Korea','Released');
insert into global_sap_code values ('E185','SFSG','Singapore','Singapore','Released');
insert into global_sap_code values ('E187','SMT-LX','Ayutthaya','Thailand','Released');
insert into global_sap_code values ('E189','SMICS8','Shanghai','China','Released');
insert into global_sap_code values ('E190','UNISEM-C','Chengdu','China','Released');
insert into global_sap_code values ('E192','UTL-2','Chachoengsao','Thailand','Released');
insert into global_sap_code values ('E194','UDG','Dongguan','China','Released');
insert into global_sap_code values ('E196','INSIDE','Meyreuil','France','Released');
insert into global_sap_code values ('E198','WIN','Tao Yuan Shien','Taiwan','Released');
insert into global_sap_code values ('E210','ATGD','Dongguan','China','Released');
insert into global_sap_code values ('E212','DHAM','D-22529 HAMBURG','Germany','Released');
insert into global_sap_code values ('E217','ATSN','Seremban','Malaysia','Released');
insert into global_sap_code values ('E219','ATCB','Cabuyao','Philippines','Released');
insert into global_sap_code values ('E224','ASKINT','Essex Junction','United States','Released');
insert into global_sap_code values ('E226','TOPPAN','Round Rock','United States','Released');
insert into global_sap_code values ('E228','SMTCUS','Chanhassen','United States','Released');
insert into global_sap_code values ('E232','HIDJB','Kulaijaya Johor','Malaysia','Released');
insert into global_sap_code values ('E234','TJNPB','Newport Beach','United States','Released');
insert into global_sap_code values ('E236','TJIL','Migdal Haemek','Israel','Planned');
insert into global_sap_code values ('E247','GF1','Dresden','Germany','Released');
insert into global_sap_code values ('E248','WINBOND','Taichung City','Taiwan','Released');
insert into global_sap_code values ('E250','SMSNGS2','Austin','United States','Released');
insert into global_sap_code values ('E268','CREE','Durham NC','United States','Released');
insert into global_sap_code values ('E290','SMICB2','Beijing','China','Released');
insert into global_sap_code values ('E292','GTTW','Hsin-Chu County','Taiwan','Released');
insert into global_sap_code values ('E293','ASE-SG','Singapore','Singapore','Released');
insert into global_sap_code values ('E295','ARD-P','Hsinchu','Taiwan','Released');
insert into global_sap_code values ('E296','ATT-6','Taoyuan City','Taiwan','Planned');
insert into global_sap_code values ('FR75','ICCN','Caen','France','Released');
insert into global_sap_code values ('FR79','GNTC-C','Caen','France','Released');
insert into global_sap_code values ('GB70','STN','Southampton','United Kingdom','Released');
insert into global_sap_code values ('GB80','TMAN','Manchester','United Kingdom','Released');
insert into global_sap_code values ('HK70','GDCH','Kwai Chung','Hong Kong','Released');
insert into global_sap_code values ('MY75','ATKL','Petaling Jaya','Malaysia','Released');
insert into global_sap_code values ('NL70','ICN4','Nijmegen','Netherlands','PhasingOut');
insert into global_sap_code values ('NL71','ICN5','Nijmegen','Netherlands','PhasingOut');
insert into global_sap_code values ('NL72','ICN6','Nijmegen','Netherlands','PhasingOut');
insert into global_sap_code values ('NL74','ICN8','Nijmegen','Netherlands','Released');
insert into global_sap_code values ('NL77','DNYM','Nijmegen','Netherlands','Released');
insert into global_sap_code values ('NL79','GNTC-N','Nijmegen','Netherlands','Released');
insert into global_sap_code values ('PH71','APC','Calamba','Philippines','PhasingOut');
insert into global_sap_code values ('TH70','ATBK','Bangkok','Thailand','Released');
insert into global_sap_code values ('TW70','ATKH','Kaohsiung','Taiwan','Released');
insert into global_sap_code values ('US71','ICF','Hopewell Junction','United States','PhasingOut');
insert into global_sap_code values ('US73','ABQFAB1','Albuquerque','United States','PhasingOut');
insert into global_sap_code values ('US78','SAT','San Antonio','United States','PhasingOut');
insert into global_sap_code values ('US7C','CHDRF','Chandler','United States','Released');
insert into global_sap_code values ('US7D','OHTFAB','Austin','United States','Released');
insert into global_sap_code values ('US7E','ATMC','Austin','United States','Released');
insert into global_sap_code values ('US7F','CHDFAB','Chandler','United States','Released');
insert into global_sap_code values ('US7H','GNTC-ATX','Austin','United States','Released');
insert into global_sap_code values ('US7T','GNTC-CHD','Chandler','United States','Released');
insert into global_sap_code values ('US80','TMP','Tempe','United States','Released');
insert into global_sap_code values ('CN77','ATTJ','Tianjin','China','Released');
insert into global_sap_code values ('DE59','ATHH','Germany','United States','Released');



insert into global_user (wbi, name, email, primary_location, last_updated, updated_by) values ('nxf45365', 'IE-MDM', 'IE-MDM@nxp.com', 1,NOW(), 'nxf45365');
insert into global_user (wbi, name, email, primary_location, last_updated, updated_by) values ('nxf41463', 'Alexander de Kriek', 'alexander.de.kriek@nxp.com', 1, NOW(), 'nxf45365');
insert into global_user (wbi, name, email, primary_location, last_updated, updated_by) values ('nxf60274', 'Erwin de Kok', 'erwin.dekok@nxp.com', 1, NOW(), 'nxf45365');

-- INSERTING into GLOBAL_ROLE
-- Not all roles are represented here, because those roles are added through migration files, so we need not do it here.
insert into global_role (id, role_name, global) values ('Administrator_System', 'System administrator', '1');
insert into global_role (id, role_name, global) values ('Administrator_User', 'User administrator', '1');
insert into global_role (id, role_name, global) values ('Approver_EquipmentCodes_Global', 'Global engineer approver', '1');
insert into global_role (id, role_name, global) values ('Approver_Equipment_Site', 'Site engineer approver', '0');
insert into global_role (id, role_name, global) values ('Approver_PlanningGroups_Global', 'Global planner approver', '1');
insert into global_role (id, role_name, global) values ('Approver_Planning_Site', 'Site planner approver', '0');
insert into global_role (id, role_name, global) values ('Developer', 'Do not assign', '1');
insert into global_role (id, role_name, global) values ('Manager_EquipmentCodes_Global', 'Global engineer', '1');
insert into global_role (id, role_name, global) values ('Manager_Equipment_Site', 'Site engineer', '0');
insert into global_role (id, role_name, global) values ('Manager_PlanningGroups_Global', 'Global planner', '1');
insert into global_role (id, role_name, global) values ('Manager_Planning_Site', 'Site planner', '0');
insert into global_role (id, role_name, global) values ('Site_Planning_Flag_Steward', 'Site planning flag steward', '0');
insert into global_role (id, role_name, global) values ('Yield_Admin', 'Yield Admin', '0');

-- INSERTING into global_user_role
insert into global_user_role (USER_ID, ROLE_ID, LOCATION, LAST_UPDATED, UPDATED_BY) values ('nxf41463', 'Administrator_System', 0, NOW(), 'nxf45365');
insert into global_user_role (USER_ID, ROLE_ID, LOCATION, LAST_UPDATED, UPDATED_BY) values ('nxf41463', 'Administrator_User', 0, NOW(), 'nxf45365');
insert into global_user_role (USER_ID, ROLE_ID, LOCATION, LAST_UPDATED, UPDATED_BY) values ('nxf41463', 'Manager_Planning_Site', 0, NOW(), 'nxf45365');
insert into global_user_role (USER_ID, ROLE_ID, LOCATION, LAST_UPDATED, UPDATED_BY) values ('nxf41463', 'Manager_Equipment_Site', 0, NOW(), 'nxf45365');
insert into global_user_role (USER_ID, ROLE_ID, LOCATION, LAST_UPDATED, UPDATED_BY) values ('nxf41463', 'Approver_Planning_Site', 0, NOW(), 'nxf45365');
insert into global_user_role (USER_ID, ROLE_ID, LOCATION, LAST_UPDATED, UPDATED_BY) values ('nxf41463', 'Approver_Equipment_Site', 0, NOW(), 'nxf45365');
insert into global_user_role (USER_ID, ROLE_ID, LOCATION, LAST_UPDATED, UPDATED_BY) values ('nxf41463', 'Manager_EquipmentCodes_Global', 0, NOW(), 'nxf45365');
insert into global_user_role (USER_ID, ROLE_ID, LOCATION, LAST_UPDATED, UPDATED_BY) values ('nxf41463', 'Approver_EquipmentCodes_Global', 0, NOW(), 'nxf45365');
insert into global_user_role (USER_ID, ROLE_ID, LOCATION, LAST_UPDATED, UPDATED_BY) values ('nxf41463', 'Manager_PlanningGroups_Global', 0, NOW(), 'nxf45365');
insert into global_user_role (USER_ID, ROLE_ID, LOCATION, LAST_UPDATED, UPDATED_BY) values ('nxf41463', 'Approver_PlanningGroups_Global', 0, NOW(), 'nxf45365');
insert into global_user_role (USER_ID, ROLE_ID, LOCATION, LAST_UPDATED, UPDATED_BY) values ('nxf41463', 'Developer', 0, NOW(), 'nxf45365');

-- Assign all IEMDM defined roles to the local user nxf45365 for the global location (location 0).
insert into global_user_role (USER_ID, ROLE_ID, LOCATION, LAST_UPDATED, UPDATED_BY) values ('nxf45365','Administrator_System', 0, NOW(), 'nxf45365');
insert into global_user_role (USER_ID, ROLE_ID, LOCATION, LAST_UPDATED, UPDATED_BY) values ('nxf45365','Administrator_User', 0, NOW(), 'nxf45365');
insert into global_user_role (USER_ID, ROLE_ID, LOCATION, LAST_UPDATED, UPDATED_BY) values ('nxf45365','Approver_EquipmentCodes_Global', 0, NOW(), 'nxf45365');
insert into global_user_role (USER_ID, ROLE_ID, LOCATION, LAST_UPDATED, UPDATED_BY) values ('nxf45365','Approver_Equipment_Site', 0, NOW(), 'nxf45365');
insert into global_user_role (USER_ID, ROLE_ID, LOCATION, LAST_UPDATED, UPDATED_BY) values ('nxf45365','Approver_PlanningGroups_Global', 0, NOW(), 'nxf45365');
insert into global_user_role (USER_ID, ROLE_ID, LOCATION, LAST_UPDATED, UPDATED_BY) values ('nxf45365','Approver_Planning_Site', 0, NOW(), 'nxf45365');
insert into global_user_role (USER_ID, ROLE_ID, LOCATION, LAST_UPDATED, UPDATED_BY) values ('nxf45365','Developer', 0, NOW(), 'nxf45365');
insert into global_user_role (USER_ID, ROLE_ID, LOCATION, LAST_UPDATED, UPDATED_BY) values ('nxf45365','Manager_EquipmentCodes_Global', 0, NOW(), 'nxf45365');
insert into global_user_role (USER_ID, ROLE_ID, LOCATION, LAST_UPDATED, UPDATED_BY) values ('nxf45365','Manager_Equipment_Site', 0, NOW(), 'nxf45365');
insert into global_user_role (USER_ID, ROLE_ID, LOCATION, LAST_UPDATED, UPDATED_BY) values ('nxf45365','Manager_PlanningGroups_Global', 0, NOW(), 'nxf45365');
insert into global_user_role (USER_ID, ROLE_ID, LOCATION, LAST_UPDATED, UPDATED_BY) values ('nxf45365','Manager_Planning_Site', 0, NOW(), 'nxf45365');
insert into global_user_role (USER_ID, ROLE_ID, LOCATION, LAST_UPDATED, UPDATED_BY) values ('nxf45365','Site_Planning_Flag_Steward', 0, NOW(), 'nxf45365');
insert into global_user_role (USER_ID, ROLE_ID, LOCATION, LAST_UPDATED, UPDATED_BY) values ('nxf45365','Site_yield_steward', 0, NOW(), 'nxf45365');
insert into global_user_role (USER_ID, ROLE_ID, LOCATION, LAST_UPDATED, UPDATED_BY) values ('nxf45365','Yield_Admin', 0, NOW(), 'nxf45365');


--------------------------insert global user---------------------------------
Insert into GLOBAL_USER (WBI,PRIMARY_LOCATION,EMAIL,NAME,LOGIN_ALLOWED,LAST_LOGIN,LAST_UPDATED,UPDATED_BY,UPDATE_INFO,EXCLUDE_LOGIN_LOCKING) values ('nxa20434',4,'shuming.lin@nxp.com','Shuming Lin','1',null,now(),'nxa17649',null,'0');
Insert into GLOBAL_USER (WBI,PRIMARY_LOCATION,EMAIL,NAME,LOGIN_ALLOWED,LAST_LOGIN,LAST_UPDATED,UPDATED_BY,UPDATE_INFO,EXCLUDE_LOGIN_LOCKING) values ('nxf45025',1,'yi-ting.hsieh@nxp.com','Yi Ting Hsieh','1',null,now(),'nxf64007',null,'0');
Insert into GLOBAL_USER (WBI,PRIMARY_LOCATION,EMAIL,NAME,LOGIN_ALLOWED,LAST_LOGIN,LAST_UPDATED,UPDATED_BY,UPDATE_INFO,EXCLUDE_LOGIN_LOCKING) values ('nxf75006',0,'weekeong.chua_2@nxp.com','Wee Keong Chua','1',now(),now(),'nxa35012',null,'0');
Insert into GLOBAL_USER (WBI,PRIMARY_LOCATION,EMAIL,NAME,LOGIN_ALLOWED,LAST_LOGIN,LAST_UPDATED,UPDATED_BY,UPDATE_INFO,EXCLUDE_LOGIN_LOCKING) values ('nxa03643',1,'elma.chen@nxp.com','Elma Chen','1',now(),now(),'nxa35012',null,'0');
Insert into GLOBAL_USER (WBI,PRIMARY_LOCATION,EMAIL,NAME,LOGIN_ALLOWED,LAST_LOGIN,LAST_UPDATED,UPDATED_BY,UPDATE_INFO,EXCLUDE_LOGIN_LOCKING) values ('nxp08353',2,'panya.gojan@nxp.com','Panya Gojan','1',now(),now(),'thg01020',null,'0');
Insert into GLOBAL_USER (WBI,PRIMARY_LOCATION,EMAIL,NAME,LOGIN_ALLOWED,LAST_LOGIN,LAST_UPDATED,UPDATED_BY,UPDATE_INFO,EXCLUDE_LOGIN_LOCKING) values ('nxf45365',1,'IE-MDM@nxp.com','IE-MDM','1',null,now(),'nxf45365',null,'0');
Insert into GLOBAL_USER (WBI,PRIMARY_LOCATION,EMAIL,NAME,LOGIN_ALLOWED,LAST_LOGIN,LAST_UPDATED,UPDATED_BY,UPDATE_INFO,EXCLUDE_LOGIN_LOCKING) values ('nxf41463',1,'alexander.de.kriek@nxp.com','Alexander de Kriek','1',null,now(),'nxf45365',null,'0');
Insert into GLOBAL_USER (WBI,PRIMARY_LOCATION,EMAIL,NAME,LOGIN_ALLOWED,LAST_LOGIN,LAST_UPDATED,UPDATED_BY,UPDATE_INFO,EXCLUDE_LOGIN_LOCKING) values ('nxf60274',1,'erwin.dekok@nxp.com','Erwin de Kok','1',null,now(),'nxf45365',null,'0');
Insert into GLOBAL_USER (WBI,PRIMARY_LOCATION,EMAIL,NAME,LOGIN_ALLOWED,LAST_LOGIN,LAST_UPDATED,UPDATED_BY,UPDATE_INFO,EXCLUDE_LOGIN_LOCKING) values ('nxf97322',3,'elaine.lim@nxp.com','Elaine Lim','1',now(),now(),'nxa06464',null,'0');
Insert into GLOBAL_USER (WBI,PRIMARY_LOCATION,EMAIL,NAME,LOGIN_ALLOWED,LAST_LOGIN,LAST_UPDATED,UPDATED_BY,UPDATE_INFO,EXCLUDE_LOGIN_LOCKING) values ('twg02434',1,'alan.kang@nxp.com','Alan Kang','1',null,now(),'nxf64007',null,'0');
Insert into GLOBAL_USER (WBI,PRIMARY_LOCATION,EMAIL,NAME,LOGIN_ALLOWED,LAST_LOGIN,LAST_UPDATED,UPDATED_BY,UPDATE_INFO,EXCLUDE_LOGIN_LOCKING) values ('nxp84114',1,'chun.ling.chen@nxp.com','Chun Ling Chen','1',null,now(),'nxf64007',null,'0');
Insert into GLOBAL_USER (WBI,PRIMARY_LOCATION,EMAIL,NAME,LOGIN_ALLOWED,LAST_LOGIN,LAST_UPDATED,UPDATED_BY,UPDATE_INFO,EXCLUDE_LOGIN_LOCKING) values ('nxf44256',1,'mandy.tsai@nxp.com','Mandy Tsai','1',now(),now(),'nxf64007',null,'0');
Insert into GLOBAL_USER (WBI,PRIMARY_LOCATION,EMAIL,NAME,LOGIN_ALLOWED,LAST_LOGIN,LAST_UPDATED,UPDATED_BY,UPDATE_INFO,EXCLUDE_LOGIN_LOCKING) values ('nxa35012',0,'jason.feng@nxp.com','Jason Feng','1',now(),now(),'nxa06464',null,'0');
Insert into GLOBAL_USER (WBI,PRIMARY_LOCATION,EMAIL,NAME,LOGIN_ALLOWED,LAST_LOGIN,LAST_UPDATED,UPDATED_BY,UPDATE_INFO,EXCLUDE_LOGIN_LOCKING) values ('thg01020',0,'pornchai.buabanprom@nxp.com','Pornchai Buabanprom','1',now(),now(),'nxa35012',null,'0');
Insert into GLOBAL_USER (WBI,PRIMARY_LOCATION,EMAIL,NAME,LOGIN_ALLOWED,LAST_LOGIN,LAST_UPDATED,UPDATED_BY,UPDATE_INFO,EXCLUDE_LOGIN_LOCKING) values ('nxa11831',0,'ali.hamsani@nxp.com','Ali Hamsani','1',now(),now(),'nxa35012',null,'0');
Insert into GLOBAL_USER (WBI,PRIMARY_LOCATION,EMAIL,NAME,LOGIN_ALLOWED,LAST_LOGIN,LAST_UPDATED,UPDATED_BY,UPDATE_INFO,EXCLUDE_LOGIN_LOCKING) values ('nxa17649',0,'ming.chen@nxp.com','Ming Chen','1',now(),now(),'nxa35012',null,'0');
Insert into GLOBAL_USER (WBI,PRIMARY_LOCATION,EMAIL,NAME,LOGIN_ALLOWED,LAST_LOGIN,LAST_UPDATED,UPDATED_BY,UPDATE_INFO,EXCLUDE_LOGIN_LOCKING) values ('nxf64007',0,'sharon.hong@nxp.com','Sharon Hong','1',now(),now(),'nxa35012',null,'0');
Insert into GLOBAL_USER (WBI,PRIMARY_LOCATION,EMAIL,NAME,LOGIN_ALLOWED,LAST_LOGIN,LAST_UPDATED,UPDATED_BY,UPDATE_INFO,EXCLUDE_LOGIN_LOCKING) values ('thg01126',0,'wipaporn.chankhamanee@nxp.com','Wipaporn Chankhamanee','1',now(),now(),'nxf64380',null,'0');
Insert into GLOBAL_USER (WBI,PRIMARY_LOCATION,EMAIL,NAME,LOGIN_ALLOWED,LAST_LOGIN,LAST_UPDATED,UPDATED_BY,UPDATE_INFO,EXCLUDE_LOGIN_LOCKING) values ('nxa06464',0,'weizhen.zhang@nxp.com','W.Z. Zhang','1',now(),now(),'nxa35012',null,'0');

--------------------------insert GLOBAL_LOCATION---------------------------------
Insert into GLOBAL_LOCATION (ID,ACRONYM,CITY,COUNTRY,SAP,TMDB,PLANNING_ENGINE,STATUS,LAST_UPDATE,UPDATE_INFO,UPDATED_BY,EXTENDED_SUFFIX,MENU_GROUPING,IS_SUBCONTRACTOR,VENDOR_CODE,LOCATION_CATEGORY) values (61,'ATHH','Hamburg','Germany','DE59',null,null,'ACTIVE',now(),null,'nxf45365',null,null,'0',null,'PRODUCTION');
Insert into GLOBAL_LOCATION (ID,ACRONYM,CITY,COUNTRY,SAP,TMDB,PLANNING_ENGINE,STATUS,LAST_UPDATE,UPDATE_INFO,UPDATED_BY,EXTENDED_SUFFIX,MENU_GROUPING,IS_SUBCONTRACTOR,VENDOR_CODE,LOCATION_CATEGORY) values (287,'AUK','Iksan-City','South Korea','E136','5403','TMDB','ACTIVE',now(),null,'nxf45365',null,'BE SUBCON','1','10039381','PRODUCTION');
Insert into GLOBAL_LOCATION (ID,ACRONYM,CITY,COUNTRY,SAP,TMDB,PLANNING_ENGINE,STATUS,LAST_UPDATE,UPDATE_INFO,UPDATED_BY,EXTENDED_SUFFIX,MENU_GROUPING,IS_SUBCONTRACTOR,VENDOR_CODE,LOCATION_CATEGORY) values (288,'ATP-1','Muntinlupa','Philippines','E030','2240','TMDB','ACTIVE',now(),null,'nxf45365',null,'BE SUBCON','1','10024173','PRODUCTION');
Insert into GLOBAL_LOCATION (ID,ACRONYM,CITY,COUNTRY,SAP,TMDB,PLANNING_ENGINE,STATUS,LAST_UPDATE,UPDATE_INFO,UPDATED_BY,EXTENDED_SUFFIX,MENU_GROUPING,IS_SUBCONTRACTOR,VENDOR_CODE,LOCATION_CATEGORY) values (341,'WAVETEK_DIF','Hsin-Chu','Taiwan','E148','8797','TMDB','ACTIVE',now(),null,'nxf45365',null,'FE SUBCON','1','10039395','PRODUCTION');
Insert into GLOBAL_LOCATION (ID,ACRONYM,CITY,COUNTRY,SAP,TMDB,PLANNING_ENGINE,STATUS,LAST_UPDATE,UPDATE_INFO,UPDATED_BY,EXTENDED_SUFFIX,MENU_GROUPING,IS_SUBCONTRACTOR,VENDOR_CODE,LOCATION_CATEGORY) values (342,'TSMC2A_DIF','Hsin-chu','Taiwan','E116','1430','TMDB','ACTIVE',now(),null,'nxf45365',null,'FE SUBCON','1','10033902','PRODUCTION');
Insert into GLOBAL_LOCATION (ID,ACRONYM,CITY,COUNTRY,SAP,TMDB,PLANNING_ENGINE,STATUS,LAST_UPDATE,UPDATE_INFO,UPDATED_BY,EXTENDED_SUFFIX,MENU_GROUPING,IS_SUBCONTRACTOR,VENDOR_CODE,LOCATION_CATEGORY) values (345,'ATP-3_ASY','Binan','Philippines','E032','1132','TMDB','ACTIVE',now(),null,'nxf45365',null,'BE SUBCON','1','10002606','PRODUCTION');
Insert into GLOBAL_LOCATION (ID,ACRONYM,CITY,COUNTRY,SAP,TMDB,PLANNING_ENGINE,STATUS,LAST_UPDATE,UPDATE_INFO,UPDATED_BY,EXTENDED_SUFFIX,MENU_GROUPING,IS_SUBCONTRACTOR,VENDOR_CODE,LOCATION_CATEGORY) values (346,'TSMC14_DIF','Tainan','Taiwan','E114','8623','TMDB','ACTIVE',now(),null,'nxf45365',null,'FE SUBCON','1','10033907','PRODUCTION');
Insert into GLOBAL_LOCATION (ID,ACRONYM,CITY,COUNTRY,SAP,TMDB,PLANNING_ENGINE,STATUS,LAST_UPDATE,UPDATE_INFO,UPDATED_BY,EXTENDED_SUFFIX,MENU_GROUPING,IS_SUBCONTRACTOR,VENDOR_CODE,LOCATION_CATEGORY) values (347,'ATT-3_ASY','Hsin-chu','Taiwan','E109','3705','TMDB','ACTIVE',now(),null,'nxf45365',null,'BE SUBCON','1','10034689','PRODUCTION');
Insert into GLOBAL_LOCATION (ID,ACRONYM,CITY,COUNTRY,SAP,TMDB,PLANNING_ENGINE,STATUS,LAST_UPDATE,UPDATE_INFO,UPDATED_BY,EXTENDED_SUFFIX,MENU_GROUPING,IS_SUBCONTRACTOR,VENDOR_CODE,LOCATION_CATEGORY) values (348,'ATT-1_BMP','Lungtan','Taiwan','E108','4050','TMDB','ACTIVE',now(),null,'nxf45365',null,'BE SUBCON','1','10030108','PRODUCTION');
Insert into GLOBAL_LOCATION (ID,ACRONYM,CITY,COUNTRY,SAP,TMDB,PLANNING_ENGINE,STATUS,LAST_UPDATE,UPDATE_INFO,UPDATED_BY,EXTENDED_SUFFIX,MENU_GROUPING,IS_SUBCONTRACTOR,VENDOR_CODE,LOCATION_CATEGORY) values (349,'ASE-CL_BMP','Chung-Li','Taiwan','E034','8548','TMDB','ACTIVE',now(),null,'nxf45365',null,'BE SUBCON','1','10024303','PRODUCTION');
Insert into GLOBAL_LOCATION (ID,ACRONYM,CITY,COUNTRY,SAP,TMDB,PLANNING_ENGINE,STATUS,LAST_UPDATE,UPDATE_INFO,UPDATED_BY,EXTENDED_SUFFIX,MENU_GROUPING,IS_SUBCONTRACTOR,VENDOR_CODE,LOCATION_CATEGORY) values (350,'ATK-4_BMP','Gwangju','South Korea','E105','3542','TMDB','ACTIVE',now(),null,'nxf45365',null,'BE SUBCON','1','10024160','PRODUCTION');
Insert into GLOBAL_LOCATION (ID,ACRONYM,CITY,COUNTRY,SAP,TMDB,PLANNING_ENGINE,STATUS,LAST_UPDATE,UPDATE_INFO,UPDATED_BY,EXTENDED_SUFFIX,MENU_GROUPING,IS_SUBCONTRACTOR,VENDOR_CODE,LOCATION_CATEGORY) values (351,'DALSA8_DIF','Bromont','Canada','E138','1382','TMDB','ACTIVE',now(),null,'nxf45365',null,'FE SUBCON','1','10039384','PRODUCTION');
Insert into GLOBAL_LOCATION (ID,ACRONYM,CITY,COUNTRY,SAP,TMDB,PLANNING_ENGINE,STATUS,LAST_UPDATE,UPDATE_INFO,UPDATED_BY,EXTENDED_SUFFIX,MENU_GROUPING,IS_SUBCONTRACTOR,VENDOR_CODE,LOCATION_CATEGORY) values (352,'DALSA6_DIF','Bromont','Canada','E138','1362','TMDB','ACTIVE',now(),null,'nxf45365',null,'FE SUBCON','1','10039385','PRODUCTION');
Insert into GLOBAL_LOCATION (ID,ACRONYM,CITY,COUNTRY,SAP,TMDB,PLANNING_ENGINE,STATUS,LAST_UPDATE,UPDATE_INFO,UPDATED_BY,EXTENDED_SUFFIX,MENU_GROUPING,IS_SUBCONTRACTOR,VENDOR_CODE,LOCATION_CATEGORY) values (353,'TFME_ASY','Nantong','China','E142','8011','TMDB','ACTIVE',now(),null,'nxf45365',null,'BE SUBCON','1','10039390','PRODUCTION');
Insert into GLOBAL_LOCATION (ID,ACRONYM,CITY,COUNTRY,SAP,TMDB,PLANNING_ENGINE,STATUS,LAST_UPDATE,UPDATE_INFO,UPDATED_BY,EXTENDED_SUFFIX,MENU_GROUPING,IS_SUBCONTRACTOR,VENDOR_CODE,LOCATION_CATEGORY) values (354,'OSISM_DIF','Seremban','Malaysia','E143','6150','TMDB','ACTIVE',now(),null,'nxf45365',null,'FE SUBCON','1','10039391','PRODUCTION');
Insert into GLOBAL_LOCATION (ID,ACRONYM,CITY,COUNTRY,SAP,TMDB,PLANNING_ENGINE,STATUS,LAST_UPDATE,UPDATE_INFO,UPDATED_BY,EXTENDED_SUFFIX,MENU_GROUPING,IS_SUBCONTRACTOR,VENDOR_CODE,LOCATION_CATEGORY) values (355,'TSMC11_DIF','Camas','United States','E121','9492','TMDB','ACTIVE',now(),null,'nxf45365',null,'FE SUBCON','1','10039392','PRODUCTION');
Insert into GLOBAL_LOCATION (ID,ACRONYM,CITY,COUNTRY,SAP,TMDB,PLANNING_ENGINE,STATUS,LAST_UPDATE,UPDATE_INFO,UPDATED_BY,EXTENDED_SUFFIX,MENU_GROUPING,IS_SUBCONTRACTOR,VENDOR_CODE,LOCATION_CATEGORY) values (356,'ATX-WH_ASY','Wei Hai','China','E149','1009','TMDB','ACTIVE',now(),null,'nxf45365',null,'BE SUBCON','1','10037538','PRODUCTION');
Insert into GLOBAL_LOCATION (ID,ACRONYM,CITY,COUNTRY,SAP,TMDB,PLANNING_ENGINE,STATUS,LAST_UPDATE,UPDATE_INFO,UPDATED_BY,EXTENDED_SUFFIX,MENU_GROUPING,IS_SUBCONTRACTOR,VENDOR_CODE,LOCATION_CATEGORY) values (357,'NEPES_ASY','Chungju-si','South Korea','E150','7022','TMDB','ACTIVE',now(),null,'nxf45365',null,'BE SUBCON','1','10039163','PRODUCTION');
Insert into GLOBAL_LOCATION (ID,ACRONYM,CITY,COUNTRY,SAP,TMDB,PLANNING_ENGINE,STATUS,LAST_UPDATE,UPDATE_INFO,UPDATED_BY,EXTENDED_SUFFIX,MENU_GROUPING,IS_SUBCONTRACTOR,VENDOR_CODE,LOCATION_CATEGORY) values (358,'ATT-3_BMP','Hsin-chu','Taiwan','E109','3705','TMDB','ACTIVE',now(),null,'nxf45365',null,'BE SUBCON','1','10034689','PRODUCTION');
Insert into GLOBAL_LOCATION (ID,ACRONYM,CITY,COUNTRY,SAP,TMDB,PLANNING_ENGINE,STATUS,LAST_UPDATE,UPDATE_INFO,UPDATED_BY,EXTENDED_SUFFIX,MENU_GROUPING,IS_SUBCONTRACTOR,VENDOR_CODE,LOCATION_CATEGORY) values (359,'SMSNG1_BMP','Yongin-si','South Korea','E144','3550','TMDB','ACTIVE',now(),null,'nxf45365',null,'FE SUBCON','1','10039394','PRODUCTION');
Insert into GLOBAL_LOCATION (ID,ACRONYM,CITY,COUNTRY,SAP,TMDB,PLANNING_ENGINE,STATUS,LAST_UPDATE,UPDATE_INFO,UPDATED_BY,EXTENDED_SUFFIX,MENU_GROUPING,IS_SUBCONTRACTOR,VENDOR_CODE,LOCATION_CATEGORY) values (360,'ATK-4','Gwangju','South Korea','E105','3542','TMDB','ACTIVE',now(),null,'nxf45365',null,'BE SUBCON','1','10024160','PRODUCTION');
Insert into GLOBAL_LOCATION (ID,ACRONYM,CITY,COUNTRY,SAP,TMDB,PLANNING_ENGINE,STATUS,LAST_UPDATE,UPDATE_INFO,UPDATED_BY,EXTENDED_SUFFIX,MENU_GROUPING,IS_SUBCONTRACTOR,VENDOR_CODE,LOCATION_CATEGORY) values (361,'SMICB2','Beijing','China','E290','1035','TMDB','ACTIVE',now(),null,'nxf45365',null,'FE SUBCON','1','10031017','PRODUCTION');
Insert into GLOBAL_LOCATION (ID,ACRONYM,CITY,COUNTRY,SAP,TMDB,PLANNING_ENGINE,STATUS,LAST_UPDATE,UPDATE_INFO,UPDATED_BY,EXTENDED_SUFFIX,MENU_GROUPING,IS_SUBCONTRACTOR,VENDOR_CODE,LOCATION_CATEGORY) values (461,'GNTC-BK','Bangkok','Thailand','TH61',null,null,'ACTIVE',now(),null,'nxf45365',null,'GNTC','0',null,'PRODUCTION');
Insert into GLOBAL_LOCATION (ID,ACRONYM,CITY,COUNTRY,SAP,TMDB,PLANNING_ENGINE,STATUS,LAST_UPDATE,UPDATE_INFO,UPDATED_BY,EXTENDED_SUFFIX,MENU_GROUPING,IS_SUBCONTRACTOR,VENDOR_CODE,LOCATION_CATEGORY) values (101,'Other-CTO-Austin','Austin','USA',null,null,null,'ACTIVE',now(),null,'nxf45365',null,'OTHER','0',null,'PRODUCTION');
Insert into GLOBAL_LOCATION (ID,ACRONYM,CITY,COUNTRY,SAP,TMDB,PLANNING_ENGINE,STATUS,LAST_UPDATE,UPDATE_INFO,UPDATED_BY,EXTENDED_SUFFIX,MENU_GROUPING,IS_SUBCONTRACTOR,VENDOR_CODE,LOCATION_CATEGORY) values (121,'GNTC-KH','Kaohsiung','Taiwan',null,null,null,'ACTIVE',now(),null,'nxf45365',null,'GNTC','0',null,'PRODUCTION');
Insert into GLOBAL_LOCATION (ID,ACRONYM,CITY,COUNTRY,SAP,TMDB,PLANNING_ENGINE,STATUS,LAST_UPDATE,UPDATE_INFO,UPDATED_BY,EXTENDED_SUFFIX,MENU_GROUPING,IS_SUBCONTRACTOR,VENDOR_CODE,LOCATION_CATEGORY) values (184,'ATX-WH','Wei Hai','China','E149','1009','TMDB','ACTIVE',now(),null,'nxf45365',null,'BE SUBCON','1','10037538','PRODUCTION');
Insert into GLOBAL_LOCATION (ID,ACRONYM,CITY,COUNTRY,SAP,TMDB,PLANNING_ENGINE,STATUS,LAST_UPDATE,UPDATE_INFO,UPDATED_BY,EXTENDED_SUFFIX,MENU_GROUPING,IS_SUBCONTRACTOR,VENDOR_CODE,LOCATION_CATEGORY) values (185,'ATP-3','Binan','Philippines','E032','1132','TMDB','ACTIVE',now(),null,'nxf45365',null,'BE SUBCON','1','10002606','PRODUCTION');
Insert into GLOBAL_LOCATION (ID,ACRONYM,CITY,COUNTRY,SAP,TMDB,PLANNING_ENGINE,STATUS,LAST_UPDATE,UPDATE_INFO,UPDATED_BY,EXTENDED_SUFFIX,MENU_GROUPING,IS_SUBCONTRACTOR,VENDOR_CODE,LOCATION_CATEGORY) values (186,'SC-S','Singapore','Singapore','E154','7592','TMDB','ACTIVE',now(),null,'nxf45365',null,'BE SUBCON','1','10039413','PRODUCTION');
Insert into GLOBAL_LOCATION (ID,ACRONYM,CITY,COUNTRY,SAP,TMDB,PLANNING_ENGINE,STATUS,LAST_UPDATE,UPDATE_INFO,UPDATED_BY,EXTENDED_SUFFIX,MENU_GROUPING,IS_SUBCONTRACTOR,VENDOR_CODE,LOCATION_CATEGORY) values (187,'WAVETEK','Hsin-Chu','Taiwan','E148','8797','TMDB','ACTIVE',now(),null,'nxf45365',null,'FE SUBCON','1','10039395','PRODUCTION');
Insert into GLOBAL_LOCATION (ID,ACRONYM,CITY,COUNTRY,SAP,TMDB,PLANNING_ENGINE,STATUS,LAST_UPDATE,UPDATE_INFO,UPDATED_BY,EXTENDED_SUFFIX,MENU_GROUPING,IS_SUBCONTRACTOR,VENDOR_CODE,LOCATION_CATEGORY) values (188,'ATK-3','Incheon','Korea, Republic of','E103','3983','TMDB','ACTIVE',now(),null,'nxf45365',null,'BE SUBCON','1','10024159','PRODUCTION');
Insert into GLOBAL_LOCATION (ID,ACRONYM,CITY,COUNTRY,SAP,TMDB,PLANNING_ENGINE,STATUS,LAST_UPDATE,UPDATE_INFO,UPDATED_BY,EXTENDED_SUFFIX,MENU_GROUPING,IS_SUBCONTRACTOR,VENDOR_CODE,LOCATION_CATEGORY) values (189,'ATT-1','Lungtan','Taiwan','E108','4050','TMDB','ACTIVE',now(),null,'nxf45365',null,'BE SUBCON','1','10030108','PRODUCTION');
Insert into GLOBAL_LOCATION (ID,ACRONYM,CITY,COUNTRY,SAP,TMDB,PLANNING_ENGINE,STATUS,LAST_UPDATE,UPDATE_INFO,UPDATED_BY,EXTENDED_SUFFIX,MENU_GROUPING,IS_SUBCONTRACTOR,VENDOR_CODE,LOCATION_CATEGORY) values (190,'ATT-3','Hsin-chu','Taiwan','E109','3705','TMDB','ACTIVE',now(),null,'nxf45365',null,'BE SUBCON','1','10034689','PRODUCTION');
Insert into GLOBAL_LOCATION (ID,ACRONYM,CITY,COUNTRY,SAP,TMDB,PLANNING_ENGINE,STATUS,LAST_UPDATE,UPDATE_INFO,UPDATED_BY,EXTENDED_SUFFIX,MENU_GROUPING,IS_SUBCONTRACTOR,VENDOR_CODE,LOCATION_CATEGORY) values (191,'DALSA6','Bromont','Canada','E138','1362','TMDB','ACTIVE',now(),null,'nxf45365',null,'FE SUBCON','1','10039385','PRODUCTION');
Insert into GLOBAL_LOCATION (ID,ACRONYM,CITY,COUNTRY,SAP,TMDB,PLANNING_ENGINE,STATUS,LAST_UPDATE,UPDATE_INFO,UPDATED_BY,EXTENDED_SUFFIX,MENU_GROUPING,IS_SUBCONTRACTOR,VENDOR_CODE,LOCATION_CATEGORY) values (192,'DALSA8','Bromont','Canada','E138','1382','TMDB','ACTIVE',now(),null,'nxf45365',null,'FE SUBCON','1','10039384','PRODUCTION');
Insert into GLOBAL_LOCATION (ID,ACRONYM,CITY,COUNTRY,SAP,TMDB,PLANNING_ENGINE,STATUS,LAST_UPDATE,UPDATE_INFO,UPDATED_BY,EXTENDED_SUFFIX,MENU_GROUPING,IS_SUBCONTRACTOR,VENDOR_CODE,LOCATION_CATEGORY) values (193,'TFME','Nantong','China','E142','8011','TMDB','ACTIVE',now(),null,'nxf45365',null,'BE SUBCON','1','10039390','PRODUCTION');
Insert into GLOBAL_LOCATION (ID,ACRONYM,CITY,COUNTRY,SAP,TMDB,PLANNING_ENGINE,STATUS,LAST_UPDATE,UPDATE_INFO,UPDATED_BY,EXTENDED_SUFFIX,MENU_GROUPING,IS_SUBCONTRACTOR,VENDOR_CODE,LOCATION_CATEGORY) values (194,'OSISM','Seremban','Malaysia','E143','6150','TMDB','ACTIVE',now(),null,'nxf45365',null,'FE SUBCON','1','10039391','PRODUCTION');
Insert into GLOBAL_LOCATION (ID,ACRONYM,CITY,COUNTRY,SAP,TMDB,PLANNING_ENGINE,STATUS,LAST_UPDATE,UPDATE_INFO,UPDATED_BY,EXTENDED_SUFFIX,MENU_GROUPING,IS_SUBCONTRACTOR,VENDOR_CODE,LOCATION_CATEGORY) values (195,'TSMC2A','Hsin-chu','Taiwan','E116','1430','TMDB','ACTIVE',now(),null,'nxf45365',null,'FE SUBCON','1','10033902','PRODUCTION');
Insert into GLOBAL_LOCATION (ID,ACRONYM,CITY,COUNTRY,SAP,TMDB,PLANNING_ENGINE,STATUS,LAST_UPDATE,UPDATE_INFO,UPDATED_BY,EXTENDED_SUFFIX,MENU_GROUPING,IS_SUBCONTRACTOR,VENDOR_CODE,LOCATION_CATEGORY) values (197,'WIN','Tao Yuan Shien','Taiwan','E198','6600','TMDB','ACTIVE',now(),null,'nxf45365',null,'FE SUBCON','1','10005939','PRODUCTION');
Insert into GLOBAL_LOCATION (ID,ACRONYM,CITY,COUNTRY,SAP,TMDB,PLANNING_ENGINE,STATUS,LAST_UPDATE,UPDATE_INFO,UPDATED_BY,EXTENDED_SUFFIX,MENU_GROUPING,IS_SUBCONTRACTOR,VENDOR_CODE,LOCATION_CATEGORY) values (252,'ATK-5_BMP','InCheon','South Korea','E311','3311','TMDB','ACTIVE',now(),null,'nxf45365',null,'BE SUBCON','1','10046789','PRODUCTION');
Insert into GLOBAL_LOCATION (ID,ACRONYM,CITY,COUNTRY,SAP,TMDB,PLANNING_ENGINE,STATUS,LAST_UPDATE,UPDATE_INFO,UPDATED_BY,EXTENDED_SUFFIX,MENU_GROUPING,IS_SUBCONTRACTOR,VENDOR_CODE,LOCATION_CATEGORY) values (253,'CHDRF_DIF','Chandler','United States','US7C','4225','TMDB','ACTIVE',now(),null,'nxf45365',null,null,'0',null,'PRODUCTION');
Insert into GLOBAL_LOCATION (ID,ACRONYM,CITY,COUNTRY,SAP,TMDB,PLANNING_ENGINE,STATUS,LAST_UPDATE,UPDATE_INFO,UPDATED_BY,EXTENDED_SUFFIX,MENU_GROUPING,IS_SUBCONTRACTOR,VENDOR_CODE,LOCATION_CATEGORY) values (254,'SMSNGS2_DIF','Austin','United States','E250','3545','TMDB','ACTIVE',now(),null,'nxf45365',null,'FE SUBCON','1','10043217','PRODUCTION');
Insert into GLOBAL_LOCATION (ID,ACRONYM,CITY,COUNTRY,SAP,TMDB,PLANNING_ENGINE,STATUS,LAST_UPDATE,UPDATE_INFO,UPDATED_BY,EXTENDED_SUFFIX,MENU_GROUPING,IS_SUBCONTRACTOR,VENDOR_CODE,LOCATION_CATEGORY) values (255,'STMA_DIF','AGRATE BRIANZA','ITALY','E301','3301','TMDB','ACTIVE',now(),null,'nxf45365',null,'FE SUBCON','1','10037764','PRODUCTION');
Insert into GLOBAL_LOCATION (ID,ACRONYM,CITY,COUNTRY,SAP,TMDB,PLANNING_ENGINE,STATUS,LAST_UPDATE,UPDATE_INFO,UPDATED_BY,EXTENDED_SUFFIX,MENU_GROUPING,IS_SUBCONTRACTOR,VENDOR_CODE,LOCATION_CATEGORY) values (261,'ATKH_ASY','Kaohsiung','Taiwan','TW70','1280','TMDB','ACTIVE',now(),null,'nxf45365',null,null,'0',null,'PRODUCTION');
Insert into GLOBAL_LOCATION (ID,ACRONYM,CITY,COUNTRY,SAP,TMDB,PLANNING_ENGINE,STATUS,LAST_UPDATE,UPDATE_INFO,UPDATED_BY,EXTENDED_SUFFIX,MENU_GROUPING,IS_SUBCONTRACTOR,VENDOR_CODE,LOCATION_CATEGORY) values (262,'ATBK_ASY','Bangkok','Thailand','TH70','1270','TMDB','ACTIVE',now(),null,'nxf45365',null,null,'0',null,'PRODUCTION');
Insert into GLOBAL_LOCATION (ID,ACRONYM,CITY,COUNTRY,SAP,TMDB,PLANNING_ENGINE,STATUS,LAST_UPDATE,UPDATE_INFO,UPDATED_BY,EXTENDED_SUFFIX,MENU_GROUPING,IS_SUBCONTRACTOR,VENDOR_CODE,LOCATION_CATEGORY) values (263,'ATMC_DIF','Austin','United States','US7E','8700','TMDB','ACTIVE',now(),null,'nxf45365',null,null,'0',null,'PRODUCTION');
Insert into GLOBAL_LOCATION (ID,ACRONYM,CITY,COUNTRY,SAP,TMDB,PLANNING_ENGINE,STATUS,LAST_UPDATE,UPDATE_INFO,UPDATED_BY,EXTENDED_SUFFIX,MENU_GROUPING,IS_SUBCONTRACTOR,VENDOR_CODE,LOCATION_CATEGORY) values (264,'CHD_DIF','Chandler','United States','US7F','4194','TMDB','ACTIVE',now(),null,'nxf45365',null,null,'0',null,'PRODUCTION');
Insert into GLOBAL_LOCATION (ID,ACRONYM,CITY,COUNTRY,SAP,TMDB,PLANNING_ENGINE,STATUS,LAST_UPDATE,UPDATE_INFO,UPDATED_BY,EXTENDED_SUFFIX,MENU_GROUPING,IS_SUBCONTRACTOR,VENDOR_CODE,LOCATION_CATEGORY) values (81,'Other-SIP-Chandler','Chandler','USA',null,null,null,'ACTIVE',now(),null,'nxf45365',null,'OTHER','0',null,'PRODUCTION');
Insert into GLOBAL_LOCATION (ID,ACRONYM,CITY,COUNTRY,SAP,TMDB,PLANNING_ENGINE,STATUS,LAST_UPDATE,UPDATE_INFO,UPDATED_BY,EXTENDED_SUFFIX,MENU_GROUPING,IS_SUBCONTRACTOR,VENDOR_CODE,LOCATION_CATEGORY) values (267,'CHD_BMP','Chandler','United States','US7F','4194','TMDB','ACTIVE',now(),null,'nxf45365',null,null,'0',null,'PRODUCTION');
Insert into GLOBAL_LOCATION (ID,ACRONYM,CITY,COUNTRY,SAP,TMDB,PLANNING_ENGINE,STATUS,LAST_UPDATE,UPDATE_INFO,UPDATED_BY,EXTENDED_SUFFIX,MENU_GROUPING,IS_SUBCONTRACTOR,VENDOR_CODE,LOCATION_CATEGORY) values (268,'OHTFAB_FUS','Austin','United States','US7D','2775','TMDB','ACTIVE',now(),null,'nxf45365',null,null,'0',null,'PRODUCTION');
Insert into GLOBAL_LOCATION (ID,ACRONYM,CITY,COUNTRY,SAP,TMDB,PLANNING_ENGINE,STATUS,LAST_UPDATE,UPDATE_INFO,UPDATED_BY,EXTENDED_SUFFIX,MENU_GROUPING,IS_SUBCONTRACTOR,VENDOR_CODE,LOCATION_CATEGORY) values (269,'ATKL_ASY','Petaling Jaya','Malaysia','MY75','8380','TMDB','ACTIVE',now(),null,'nxf45365',null,null,'0',null,'PRODUCTION');
Insert into GLOBAL_LOCATION (ID,ACRONYM,CITY,COUNTRY,SAP,TMDB,PLANNING_ENGINE,STATUS,LAST_UPDATE,UPDATE_INFO,UPDATED_BY,EXTENDED_SUFFIX,MENU_GROUPING,IS_SUBCONTRACTOR,VENDOR_CODE,LOCATION_CATEGORY) values (270,'ATMC','Austin','United States','US7E','1391','TMDB','ACTIVE',now(),null,'nxf45365',null,null,'0',null,'PRODUCTION');
Insert into GLOBAL_LOCATION (ID,ACRONYM,CITY,COUNTRY,SAP,TMDB,PLANNING_ENGINE,STATUS,LAST_UPDATE,UPDATE_INFO,UPDATED_BY,EXTENDED_SUFFIX,MENU_GROUPING,IS_SUBCONTRACTOR,VENDOR_CODE,LOCATION_CATEGORY) values (271,'GF7','Singapore','Singapore','E027','1452','TMDB','ACTIVE',now(),null,'nxf45365',null,'FE SUBCON','1','10033900','PRODUCTION');
Insert into GLOBAL_LOCATION (ID,ACRONYM,CITY,COUNTRY,SAP,TMDB,PLANNING_ENGINE,STATUS,LAST_UPDATE,UPDATE_INFO,UPDATED_BY,EXTENDED_SUFFIX,MENU_GROUPING,IS_SUBCONTRACTOR,VENDOR_CODE,LOCATION_CATEGORY) values (272,'TSMC10','Shanghai','China','E115','4777','TMDB','ACTIVE',now(),null,'nxf45365',null,'FE SUBCON','1','10033905','PRODUCTION');
Insert into GLOBAL_LOCATION (ID,ACRONYM,CITY,COUNTRY,SAP,TMDB,PLANNING_ENGINE,STATUS,LAST_UPDATE,UPDATE_INFO,UPDATED_BY,EXTENDED_SUFFIX,MENU_GROUPING,IS_SUBCONTRACTOR,VENDOR_CODE,LOCATION_CATEGORY) values (273,'TSMC6','Tainan','Taiwan','E114','3806','TMDB','ACTIVE',now(),null,'nxf45365',null,'FE SUBCON','1','10004624','PRODUCTION');
Insert into GLOBAL_LOCATION (ID,ACRONYM,CITY,COUNTRY,SAP,TMDB,PLANNING_ENGINE,STATUS,LAST_UPDATE,UPDATE_INFO,UPDATED_BY,EXTENDED_SUFFIX,MENU_GROUPING,IS_SUBCONTRACTOR,VENDOR_CODE,LOCATION_CATEGORY) values (274,'ATP-1_ASY','Muntinlupa','Philippines','E030','2240','TMDB','ACTIVE',now(),null,'nxf45365',null,'BE SUBCON','1','10024173','PRODUCTION');
Insert into GLOBAL_LOCATION (ID,ACRONYM,CITY,COUNTRY,SAP,TMDB,PLANNING_ENGINE,STATUS,LAST_UPDATE,UPDATE_INFO,UPDATED_BY,EXTENDED_SUFFIX,MENU_GROUPING,IS_SUBCONTRACTOR,VENDOR_CODE,LOCATION_CATEGORY) values (275,'TSMC6_DIF','Tainan','Taiwan','E114','3806','TMDB','ACTIVE',now(),null,'nxf45365',null,'FE SUBCON','1','10004624','PRODUCTION');
Insert into GLOBAL_LOCATION (ID,ACRONYM,CITY,COUNTRY,SAP,TMDB,PLANNING_ENGINE,STATUS,LAST_UPDATE,UPDATE_INFO,UPDATED_BY,EXTENDED_SUFFIX,MENU_GROUPING,IS_SUBCONTRACTOR,VENDOR_CODE,LOCATION_CATEGORY) values (276,'TSMC8_DIF','Hsin-chu','Taiwan','E116','9225','TMDB','ACTIVE',now(),null,'nxf45365',null,'FE SUBCON','1','10008992','PRODUCTION');
Insert into GLOBAL_LOCATION (ID,ACRONYM,CITY,COUNTRY,SAP,TMDB,PLANNING_ENGINE,STATUS,LAST_UPDATE,UPDATE_INFO,UPDATED_BY,EXTENDED_SUFFIX,MENU_GROUPING,IS_SUBCONTRACTOR,VENDOR_CODE,LOCATION_CATEGORY) values (277,'ATK-4_ASY','Gwangju','South Korea','E105','3542','TMDB','ACTIVE',now(),null,'nxf45365',null,'BE SUBCON','1','10024160','PRODUCTION');
Insert into GLOBAL_LOCATION (ID,ACRONYM,CITY,COUNTRY,SAP,TMDB,PLANNING_ENGINE,STATUS,LAST_UPDATE,UPDATE_INFO,UPDATED_BY,EXTENDED_SUFFIX,MENU_GROUPING,IS_SUBCONTRACTOR,VENDOR_CODE,LOCATION_CATEGORY) values (278,'UDG_ASY','Dongguan','China','E194','6513','TMDB','ACTIVE',now(),null,'nxf45365',null,'BE SUBCON','1','10024126','PRODUCTION');
Insert into GLOBAL_LOCATION (ID,ACRONYM,CITY,COUNTRY,SAP,TMDB,PLANNING_ENGINE,STATUS,LAST_UPDATE,UPDATE_INFO,UPDATED_BY,EXTENDED_SUFFIX,MENU_GROUPING,IS_SUBCONTRACTOR,VENDOR_CODE,LOCATION_CATEGORY) values (280,'SMICB2_DIF','Beijing','China','E290','1035','TMDB','ACTIVE',now(),null,'nxf45365',null,'FE SUBCON','1','10031017','PRODUCTION');
Insert into GLOBAL_LOCATION (ID,ACRONYM,CITY,COUNTRY,SAP,TMDB,PLANNING_ENGINE,STATUS,LAST_UPDATE,UPDATE_INFO,UPDATED_BY,EXTENDED_SUFFIX,MENU_GROUPING,IS_SUBCONTRACTOR,VENDOR_CODE,LOCATION_CATEGORY) values (302,'NEPES_BMP','Chungju-si','South Korea','E150','7022','TMDB','ACTIVE',now(),null,'nxf45365',null,'BE SUBCON','1','10039163','PRODUCTION');
Insert into GLOBAL_LOCATION (ID,ACRONYM,CITY,COUNTRY,SAP,TMDB,PLANNING_ENGINE,STATUS,LAST_UPDATE,UPDATE_INFO,UPDATED_BY,EXTENDED_SUFFIX,MENU_GROUPING,IS_SUBCONTRACTOR,VENDOR_CODE,LOCATION_CATEGORY) values (321,'AUK_ASY','Iksan-City','South Korea','E136','5403','TMDB','ACTIVE',now(),null,'nxf45365',null,'BE SUBCON','1','10039381','PRODUCTION');
Insert into GLOBAL_LOCATION (ID,ACRONYM,CITY,COUNTRY,SAP,TMDB,PLANNING_ENGINE,STATUS,LAST_UPDATE,UPDATE_INFO,UPDATED_BY,EXTENDED_SUFFIX,MENU_GROUPING,IS_SUBCONTRACTOR,VENDOR_CODE,LOCATION_CATEGORY) values (322,'ASE-CL_ASY','Chung-Li','Taiwan','E034','8548','TMDB','ACTIVE',now(),null,'nxf45365',null,'BE SUBCON','1','10024303','PRODUCTION');
Insert into GLOBAL_LOCATION (ID,ACRONYM,CITY,COUNTRY,SAP,TMDB,PLANNING_ENGINE,STATUS,LAST_UPDATE,UPDATE_INFO,UPDATED_BY,EXTENDED_SUFFIX,MENU_GROUPING,IS_SUBCONTRACTOR,VENDOR_CODE,LOCATION_CATEGORY) values (324,'UMC12I_DIF','Singapore','Singapore','E015','1405','TMDB','ACTIVE',now(),null,'nxf45365',null,'FE SUBCON','1','10030840','PRODUCTION');
Insert into GLOBAL_LOCATION (ID,ACRONYM,CITY,COUNTRY,SAP,TMDB,PLANNING_ENGINE,STATUS,LAST_UPDATE,UPDATE_INFO,UPDATED_BY,EXTENDED_SUFFIX,MENU_GROUPING,IS_SUBCONTRACTOR,VENDOR_CODE,LOCATION_CATEGORY) values (325,'TSMC12_DIF','Hsin-chu','Taiwan','E116','7192','TMDB','ACTIVE',now(),null,'nxf45365',null,'FE SUBCON','1','10033901','PRODUCTION');
Insert into GLOBAL_LOCATION (ID,ACRONYM,CITY,COUNTRY,SAP,TMDB,PLANNING_ENGINE,STATUS,LAST_UPDATE,UPDATE_INFO,UPDATED_BY,EXTENDED_SUFFIX,MENU_GROUPING,IS_SUBCONTRACTOR,VENDOR_CODE,LOCATION_CATEGORY) values (326,'ATK-3_ASY','Seoul','South Korea','E103','3983','TMDB','ACTIVE',now(),null,'nxf45365',null,'BE SUBCON','1','10024159','PRODUCTION');
Insert into GLOBAL_LOCATION (ID,ACRONYM,CITY,COUNTRY,SAP,TMDB,PLANNING_ENGINE,STATUS,LAST_UPDATE,UPDATE_INFO,UPDATED_BY,EXTENDED_SUFFIX,MENU_GROUPING,IS_SUBCONTRACTOR,VENDOR_CODE,LOCATION_CATEGORY) values (328,'TSMC15_DIF','Taichung','Taiwan','E147','9520','TMDB','ACTIVE',now(),null,'nxf45365',null,'FE SUBCON','1','10039393','PRODUCTION');
Insert into GLOBAL_LOCATION (ID,ACRONYM,CITY,COUNTRY,SAP,TMDB,PLANNING_ENGINE,STATUS,LAST_UPDATE,UPDATE_INFO,UPDATED_BY,EXTENDED_SUFFIX,MENU_GROUPING,IS_SUBCONTRACTOR,VENDOR_CODE,LOCATION_CATEGORY) values (343,'TSMC3_DIF','Hsin-chu','Taiwan','E116','6608','TMDB','ACTIVE',now(),null,'nxf45365',null,'FE SUBCON','1','10033904','PRODUCTION');
Insert into GLOBAL_LOCATION (ID,ACRONYM,CITY,COUNTRY,SAP,TMDB,PLANNING_ENGINE,STATUS,LAST_UPDATE,UPDATE_INFO,UPDATED_BY,EXTENDED_SUFFIX,MENU_GROUPING,IS_SUBCONTRACTOR,VENDOR_CODE,LOCATION_CATEGORY) values (344,'ASE-KR_ASY','Gyeonggi-do','South Korea','E130','1003','TMDB','ACTIVE',now(),null,'nxf45365',null,'BE SUBCON','1','10020784','PRODUCTION');
Insert into GLOBAL_LOCATION (ID,ACRONYM,CITY,COUNTRY,SAP,TMDB,PLANNING_ENGINE,STATUS,LAST_UPDATE,UPDATE_INFO,UPDATED_BY,EXTENDED_SUFFIX,MENU_GROUPING,IS_SUBCONTRACTOR,VENDOR_CODE,LOCATION_CATEGORY) values (422,'MXIC-5_DIF','Hsinchu','Taiwan','E317',null,'TMDB','ACTIVE',now(),null,'nxf45365',null,'FE SUBCON','1','10047827','PRODUCTION');
Insert into GLOBAL_LOCATION (ID,ACRONYM,CITY,COUNTRY,SAP,TMDB,PLANNING_ENGINE,STATUS,LAST_UPDATE,UPDATE_INFO,UPDATED_BY,EXTENDED_SUFFIX,MENU_GROUPING,IS_SUBCONTRACTOR,VENDOR_CODE,LOCATION_CATEGORY) values (181,'ARD-T','Hsin-chu','Taiwan','E112','7095','TMDB','ACTIVE',now(),null,'nxf45365',null,'BE SUBCON','1','10033845','PRODUCTION');
Insert into GLOBAL_LOCATION (ID,ACRONYM,CITY,COUNTRY,SAP,TMDB,PLANNING_ENGINE,STATUS,LAST_UPDATE,UPDATE_INFO,UPDATED_BY,EXTENDED_SUFFIX,MENU_GROUPING,IS_SUBCONTRACTOR,VENDOR_CODE,LOCATION_CATEGORY) values (182,'ARD-K','Hsin-chu','Taiwan','E134','7084','TMDB','ACTIVE',now(),null,'nxf45365',null,'BE SUBCON','1','10039274','PRODUCTION');
Insert into GLOBAL_LOCATION (ID,ACRONYM,CITY,COUNTRY,SAP,TMDB,PLANNING_ENGINE,STATUS,LAST_UPDATE,UPDATE_INFO,UPDATED_BY,EXTENDED_SUFFIX,MENU_GROUPING,IS_SUBCONTRACTOR,VENDOR_CODE,LOCATION_CATEGORY) values (209,'UMC12I','Singapore','Singapore','E015','1405','TMDB','ACTIVE',now(),null,'nxf45365',null,'FE SUBCON','1','10030840','PRODUCTION');
Insert into GLOBAL_LOCATION (ID,ACRONYM,CITY,COUNTRY,SAP,TMDB,PLANNING_ENGINE,STATUS,LAST_UPDATE,UPDATE_INFO,UPDATED_BY,EXTENDED_SUFFIX,MENU_GROUPING,IS_SUBCONTRACTOR,VENDOR_CODE,LOCATION_CATEGORY) values (323,'WIN_DIF','Tao Yuan Shien','Taiwan','E198','6600','TMDB','ACTIVE',now(),null,'nxf45365',null,'FE SUBCON','1','10005939','PRODUCTION');
Insert into GLOBAL_LOCATION (ID,ACRONYM,CITY,COUNTRY,SAP,TMDB,PLANNING_ENGINE,STATUS,LAST_UPDATE,UPDATE_INFO,UPDATED_BY,EXTENDED_SUFFIX,MENU_GROUPING,IS_SUBCONTRACTOR,VENDOR_CODE,LOCATION_CATEGORY) values (2,'ATBK','Bangkok','Thailand','TH70','1270','I2','ACTIVE',now(),null,'nxf45365',null,null,'0',null,'PRODUCTION');
Insert into GLOBAL_LOCATION (ID,ACRONYM,CITY,COUNTRY,SAP,TMDB,PLANNING_ENGINE,STATUS,LAST_UPDATE,UPDATE_INFO,UPDATED_BY,EXTENDED_SUFFIX,MENU_GROUPING,IS_SUBCONTRACTOR,VENDOR_CODE,LOCATION_CATEGORY) values (1,'ATKH','Kaohsiung','Taiwan','TW70','1280','I2','ACTIVE',now(),null,'nxf45365',null,null,'0',null,'PRODUCTION');
Insert into GLOBAL_LOCATION (ID,ACRONYM,CITY,COUNTRY,SAP,TMDB,PLANNING_ENGINE,STATUS,LAST_UPDATE,UPDATE_INFO,UPDATED_BY,EXTENDED_SUFFIX,MENU_GROUPING,IS_SUBCONTRACTOR,VENDOR_CODE,LOCATION_CATEGORY) values (3,'ATKL','Kuala Lumpur','Malaysia','MY75','8380','TMDB','ACTIVE',now(),null,'nxf45365',null,null,'0',null,'PRODUCTION');
Insert into GLOBAL_LOCATION (ID,ACRONYM,CITY,COUNTRY,SAP,TMDB,PLANNING_ENGINE,STATUS,LAST_UPDATE,UPDATE_INFO,UPDATED_BY,EXTENDED_SUFFIX,MENU_GROUPING,IS_SUBCONTRACTOR,VENDOR_CODE,LOCATION_CATEGORY) values (4,'ATTJ','Tianjin','China','CN77','2531','TMDB','ACTIVE',now(),null,'nxf45365',null,null,'0',null,'PRODUCTION');
Insert into GLOBAL_LOCATION (ID,ACRONYM,CITY,COUNTRY,SAP,TMDB,PLANNING_ENGINE,STATUS,LAST_UPDATE,UPDATE_INFO,UPDATED_BY,EXTENDED_SUFFIX,MENU_GROUPING,IS_SUBCONTRACTOR,VENDOR_CODE,LOCATION_CATEGORY) values (5,'CHD','Chandler','USA','US7F','4194','TMDB','ACTIVE',now(),null,'nxf45365',null,null,'0',null,'PRODUCTION');
Insert into GLOBAL_LOCATION (ID,ACRONYM,CITY,COUNTRY,SAP,TMDB,PLANNING_ENGINE,STATUS,LAST_UPDATE,UPDATE_INFO,UPDATED_BY,EXTENDED_SUFFIX,MENU_GROUPING,IS_SUBCONTRACTOR,VENDOR_CODE,LOCATION_CATEGORY) values (0,'ALL SITES','Global','Global',null,null,null,'ACTIVE',now(),null,'nxf45365',null,null,'0',null,'PRODUCTION');
Insert into GLOBAL_LOCATION (ID,ACRONYM,CITY,COUNTRY,SAP,TMDB,PLANNING_ENGINE,STATUS,LAST_UPDATE,UPDATE_INFO,UPDATED_BY,EXTENDED_SUFFIX,MENU_GROUPING,IS_SUBCONTRACTOR,VENDOR_CODE,LOCATION_CATEGORY) values (6,'GNTC-A','Austin','USA','US7H','1697',null,'ACTIVE',now(),null,'nxf45365',null,'GNTC','0',null,'PRODUCTION');
Insert into GLOBAL_LOCATION (ID,ACRONYM,CITY,COUNTRY,SAP,TMDB,PLANNING_ENGINE,STATUS,LAST_UPDATE,UPDATE_INFO,UPDATED_BY,EXTENDED_SUFFIX,MENU_GROUPING,IS_SUBCONTRACTOR,VENDOR_CODE,LOCATION_CATEGORY) values (7,'CZ Caen','Caen','France',null,null,null,'ACTIVE',now(),null,'nxf45365',null,null,'0',null,'PRODUCTION');
Insert into GLOBAL_LOCATION (ID,ACRONYM,CITY,COUNTRY,SAP,TMDB,PLANNING_ENGINE,STATUS,LAST_UPDATE,UPDATE_INFO,UPDATED_BY,EXTENDED_SUFFIX,MENU_GROUPING,IS_SUBCONTRACTOR,VENDOR_CODE,LOCATION_CATEGORY) values (8,'GNTC-CH','Chandler','USA','US7T','7256',null,'ACTIVE',now(),null,'nxf45365',null,'GNTC','0',null,'PRODUCTION');
Insert into GLOBAL_LOCATION (ID,ACRONYM,CITY,COUNTRY,SAP,TMDB,PLANNING_ENGINE,STATUS,LAST_UPDATE,UPDATE_INFO,UPDATED_BY,EXTENDED_SUFFIX,MENU_GROUPING,IS_SUBCONTRACTOR,VENDOR_CODE,LOCATION_CATEGORY) values (9,'CZHH','Hamburg','Germany',null,null,null,'ACTIVE',now(),null,'nxf45365',null,null,'0',null,'PRODUCTION');
Insert into GLOBAL_LOCATION (ID,ACRONYM,CITY,COUNTRY,SAP,TMDB,PLANNING_ENGINE,STATUS,LAST_UPDATE,UPDATE_INFO,UPDATED_BY,EXTENDED_SUFFIX,MENU_GROUPING,IS_SUBCONTRACTOR,VENDOR_CODE,LOCATION_CATEGORY) values (10,'GNTC-KL','Kuala Lumpur','Malaysia',null,null,null,'ACTIVE',now(),null,'nxf45365',null,'GNTC','0',null,'PRODUCTION');
Insert into GLOBAL_LOCATION (ID,ACRONYM,CITY,COUNTRY,SAP,TMDB,PLANNING_ENGINE,STATUS,LAST_UPDATE,UPDATE_INFO,UPDATED_BY,EXTENDED_SUFFIX,MENU_GROUPING,IS_SUBCONTRACTOR,VENDOR_CODE,LOCATION_CATEGORY) values (11,'GNTC-N','Nijmegen','Netherlands',null,null,null,'ACTIVE',now(),null,'nxf45365',null,'GNTC','0',null,'PRODUCTION');
Insert into GLOBAL_LOCATION (ID,ACRONYM,CITY,COUNTRY,SAP,TMDB,PLANNING_ENGINE,STATUS,LAST_UPDATE,UPDATE_INFO,UPDATED_BY,EXTENDED_SUFFIX,MENU_GROUPING,IS_SUBCONTRACTOR,VENDOR_CODE,LOCATION_CATEGORY) values (12,'GNTC-TJ','Tianjin','China',null,null,null,'ACTIVE',now(),null,'nxf45365',null,'GNTC','0',null,'PRODUCTION');
Insert into GLOBAL_LOCATION (ID,ACRONYM,CITY,COUNTRY,SAP,TMDB,PLANNING_ENGINE,STATUS,LAST_UPDATE,UPDATE_INFO,UPDATED_BY,EXTENDED_SUFFIX,MENU_GROUPING,IS_SUBCONTRACTOR,VENDOR_CODE,LOCATION_CATEGORY) values (13,'CZ Toulouse','Toulouse','France',null,null,null,'ACTIVE',now(),null,'nxf45365',null,null,'0',null,'PRODUCTION');
Insert into GLOBAL_LOCATION (ID,ACRONYM,CITY,COUNTRY,SAP,TMDB,PLANNING_ENGINE,STATUS,LAST_UPDATE,UPDATE_INFO,UPDATED_BY,EXTENDED_SUFFIX,MENU_GROUPING,IS_SUBCONTRACTOR,VENDOR_CODE,LOCATION_CATEGORY) values (21,'KESC','Tianjin','China','CN77','2531','TMDB','DELETED',now(),null,'nxf45365',null,'PRODUCTION','0',null,'PRODUCTION');
Insert into GLOBAL_LOCATION (ID,ACRONYM,CITY,COUNTRY,SAP,TMDB,PLANNING_ENGINE,STATUS,LAST_UPDATE,UPDATE_INFO,UPDATED_BY,EXTENDED_SUFFIX,MENU_GROUPING,IS_SUBCONTRACTOR,VENDOR_CODE,LOCATION_CATEGORY) values (22,'KTM','Kuala Lumpur','Malaysia','MY75','8380','TMDB','DELETED',now(),null,'nxf45365',null,'PRODUCTION','0',null,'PRODUCTION');
Insert into GLOBAL_LOCATION (ID,ACRONYM,CITY,COUNTRY,SAP,TMDB,PLANNING_ENGINE,STATUS,LAST_UPDATE,UPDATE_INFO,UPDATED_BY,EXTENDED_SUFFIX,MENU_GROUPING,IS_SUBCONTRACTOR,VENDOR_CODE,LOCATION_CATEGORY) values (14,'Other-ASEN',null,null,null,null,null,'ACTIVE',now(),null,'nxf45365',null,'OTHER','0',null,'PRODUCTION');
Insert into GLOBAL_LOCATION (ID,ACRONYM,CITY,COUNTRY,SAP,TMDB,PLANNING_ENGINE,STATUS,LAST_UPDATE,UPDATE_INFO,UPDATED_BY,EXTENDED_SUFFIX,MENU_GROUPING,IS_SUBCONTRACTOR,VENDOR_CODE,LOCATION_CATEGORY) values (16,'Other-AUTO-SE-HH',null,null,null,null,null,'ACTIVE',now(),null,'nxf45365',null,'OTHER','0',null,'PRODUCTION');
Insert into GLOBAL_LOCATION (ID,ACRONYM,CITY,COUNTRY,SAP,TMDB,PLANNING_ENGINE,STATUS,LAST_UPDATE,UPDATE_INFO,UPDATED_BY,EXTENDED_SUFFIX,MENU_GROUPING,IS_SUBCONTRACTOR,VENDOR_CODE,LOCATION_CATEGORY) values (15,'Other-Bangalore',null,null,null,null,null,'ACTIVE',now(),null,'nxf45365',null,'OTHER','0',null,'PRODUCTION');
Insert into GLOBAL_LOCATION (ID,ACRONYM,CITY,COUNTRY,SAP,TMDB,PLANNING_ENGINE,STATUS,LAST_UPDATE,UPDATE_INFO,UPDATED_BY,EXTENDED_SUFFIX,MENU_GROUPING,IS_SUBCONTRACTOR,VENDOR_CODE,LOCATION_CATEGORY) values (17,'Other-Gratkorn',null,null,null,null,null,'ACTIVE',now(),null,'nxf45365',null,'OTHER','0',null,'PRODUCTION');
Insert into GLOBAL_LOCATION (ID,ACRONYM,CITY,COUNTRY,SAP,TMDB,PLANNING_ENGINE,STATUS,LAST_UPDATE,UPDATE_INFO,UPDATED_BY,EXTENDED_SUFFIX,MENU_GROUPING,IS_SUBCONTRACTOR,VENDOR_CODE,LOCATION_CATEGORY) values (19,'Other-SanJose',null,null,null,null,null,'ACTIVE',now(),null,'nxf45365',null,'OTHER','0',null,'PRODUCTION');
Insert into GLOBAL_LOCATION (ID,ACRONYM,CITY,COUNTRY,SAP,TMDB,PLANNING_ENGINE,STATUS,LAST_UPDATE,UPDATE_INFO,UPDATED_BY,EXTENDED_SUFFIX,MENU_GROUPING,IS_SUBCONTRACTOR,VENDOR_CODE,LOCATION_CATEGORY) values (18,'Other-Shanghai',null,null,null,null,null,'ACTIVE',now(),null,'nxf45365',null,'OTHER','0',null,'PRODUCTION');
Insert into GLOBAL_LOCATION (ID,ACRONYM,CITY,COUNTRY,SAP,TMDB,PLANNING_ENGINE,STATUS,LAST_UPDATE,UPDATE_INFO,UPDATED_BY,EXTENDED_SUFFIX,MENU_GROUPING,IS_SUBCONTRACTOR,VENDOR_CODE,LOCATION_CATEGORY) values (20,'Other-TO-TEO-HH',null,null,null,null,null,'ACTIVE',now(),null,'nxf45365',null,'OTHER','0',null,'PRODUCTION');
Insert into GLOBAL_LOCATION (ID,ACRONYM,CITY,COUNTRY,SAP,TMDB,PLANNING_ENGINE,STATUS,LAST_UPDATE,UPDATE_INFO,UPDATED_BY,EXTENDED_SUFFIX,MENU_GROUPING,IS_SUBCONTRACTOR,VENDOR_CODE,LOCATION_CATEGORY) values (161,'FEI-N','Nijmegen','Netherlands',null,null,null,'ACTIVE',now(),null,'nxf45365',null,null,'0',null,'PRODUCTION');
Insert into GLOBAL_LOCATION (ID,ACRONYM,CITY,COUNTRY,SAP,TMDB,PLANNING_ENGINE,STATUS,LAST_UPDATE,UPDATE_INFO,UPDATED_BY,EXTENDED_SUFFIX,MENU_GROUPING,IS_SUBCONTRACTOR,VENDOR_CODE,LOCATION_CATEGORY) values (201,'ASE-CL','Chung-Li','Taiwan','E034','8548','TMDB','ACTIVE',now(),null,'nxf45365',null,'BE SUBCON','1','10024303','PRODUCTION');
Insert into GLOBAL_LOCATION (ID,ACRONYM,CITY,COUNTRY,SAP,TMDB,PLANNING_ENGINE,STATUS,LAST_UPDATE,UPDATE_INFO,UPDATED_BY,EXTENDED_SUFFIX,MENU_GROUPING,IS_SUBCONTRACTOR,VENDOR_CODE,LOCATION_CATEGORY) values (202,'ASE-KR','Gyeonggi-do','South Korea','E130','1003','TMDB','ACTIVE',now(),null,'nxf45365',null,'BE SUBCON','1','10020784','PRODUCTION');
Insert into GLOBAL_LOCATION (ID,ACRONYM,CITY,COUNTRY,SAP,TMDB,PLANNING_ENGINE,STATUS,LAST_UPDATE,UPDATE_INFO,UPDATED_BY,EXTENDED_SUFFIX,MENU_GROUPING,IS_SUBCONTRACTOR,VENDOR_CODE,LOCATION_CATEGORY) values (203,'CREE','Durham NC','USA','E268','6620','TMDB','ACTIVE',now(),null,'nxf45365',null,'FE SUBCON','1','10039383','PRODUCTION');
Insert into GLOBAL_LOCATION (ID,ACRONYM,CITY,COUNTRY,SAP,TMDB,PLANNING_ENGINE,STATUS,LAST_UPDATE,UPDATE_INFO,UPDATED_BY,EXTENDED_SUFFIX,MENU_GROUPING,IS_SUBCONTRACTOR,VENDOR_CODE,LOCATION_CATEGORY) values (204,'SMSNG1','Yongin-si','South Korea','E144','3550','TMDB','ACTIVE',now(),null,'nxf45365',null,'FE SUBCON','1','10039394','PRODUCTION');
Insert into GLOBAL_LOCATION (ID,ACRONYM,CITY,COUNTRY,SAP,TMDB,PLANNING_ENGINE,STATUS,LAST_UPDATE,UPDATE_INFO,UPDATED_BY,EXTENDED_SUFFIX,MENU_GROUPING,IS_SUBCONTRACTOR,VENDOR_CODE,LOCATION_CATEGORY) values (205,'SILTERRA','Silterra Kulim','Malaysia','E132','5657','TMDB','ACTIVE',now(),null,'nxf45365',null,'FE SUBCON','1','10039389','PRODUCTION');
Insert into GLOBAL_LOCATION (ID,ACRONYM,CITY,COUNTRY,SAP,TMDB,PLANNING_ENGINE,STATUS,LAST_UPDATE,UPDATE_INFO,UPDATED_BY,EXTENDED_SUFFIX,MENU_GROUPING,IS_SUBCONTRACTOR,VENDOR_CODE,LOCATION_CATEGORY) values (206,'TSMC11','Camas','USA','E121','9492','TMDB','ACTIVE',now(),null,'nxf45365',null,'FE SUBCON','1','10039392','PRODUCTION');
Insert into GLOBAL_LOCATION (ID,ACRONYM,CITY,COUNTRY,SAP,TMDB,PLANNING_ENGINE,STATUS,LAST_UPDATE,UPDATE_INFO,UPDATED_BY,EXTENDED_SUFFIX,MENU_GROUPING,IS_SUBCONTRACTOR,VENDOR_CODE,LOCATION_CATEGORY) values (207,'TSMC12','Hsin-chu','Taiwan','E116','7192','TMDB','ACTIVE',now(),null,'nxf45365',null,'FE SUBCON','1','10033901','PRODUCTION');
Insert into GLOBAL_LOCATION (ID,ACRONYM,CITY,COUNTRY,SAP,TMDB,PLANNING_ENGINE,STATUS,LAST_UPDATE,UPDATE_INFO,UPDATED_BY,EXTENDED_SUFFIX,MENU_GROUPING,IS_SUBCONTRACTOR,VENDOR_CODE,LOCATION_CATEGORY) values (208,'TSMC14','Tainan','Taiwan','E114','8623','TMDB','ACTIVE',now(),null,'nxf45365',null,'FE SUBCON','1','10033907','PRODUCTION');
Insert into GLOBAL_LOCATION (ID,ACRONYM,CITY,COUNTRY,SAP,TMDB,PLANNING_ENGINE,STATUS,LAST_UPDATE,UPDATE_INFO,UPDATED_BY,EXTENDED_SUFFIX,MENU_GROUPING,IS_SUBCONTRACTOR,VENDOR_CODE,LOCATION_CATEGORY) values (241,'SPIL-C','Changhua','Taiwan','E125',null,'TMDB','ACTIVE',now(),null,'nxf45365',null,'BE SUBCON','1','10034486','PRODUCTION');
Insert into GLOBAL_LOCATION (ID,ACRONYM,CITY,COUNTRY,SAP,TMDB,PLANNING_ENGINE,STATUS,LAST_UPDATE,UPDATE_INFO,UPDATED_BY,EXTENDED_SUFFIX,MENU_GROUPING,IS_SUBCONTRACTOR,VENDOR_CODE,LOCATION_CATEGORY) values (242,'TOPPAN','Round Rock','United States','E226','1020','TMDB','ACTIVE',now(),null,'nxf45365',null,'BE SUBCON','1','10039507','PRODUCTION');
Insert into GLOBAL_LOCATION (ID,ACRONYM,CITY,COUNTRY,SAP,TMDB,PLANNING_ENGINE,STATUS,LAST_UPDATE,UPDATE_INFO,UPDATED_BY,EXTENDED_SUFFIX,MENU_GROUPING,IS_SUBCONTRACTOR,VENDOR_CODE,LOCATION_CATEGORY) values (243,'ICN8_DIF','Nijmegen','Netherlands','NL74','1290','TMDB','ACTIVE',now(),null,'nxf45365',null,null,'0',null,'PRODUCTION');
Insert into GLOBAL_LOCATION (ID,ACRONYM,CITY,COUNTRY,SAP,TMDB,PLANNING_ENGINE,STATUS,LAST_UPDATE,UPDATE_INFO,UPDATED_BY,EXTENDED_SUFFIX,MENU_GROUPING,IS_SUBCONTRACTOR,VENDOR_CODE,LOCATION_CATEGORY) values (244,'FLIPCHIP_ASY','Phoenix','United States','E133','8220','TMDB','ACTIVE',now(),null,'nxf45365',null,'BE SUBCON','1','10000456','PRODUCTION');
Insert into GLOBAL_LOCATION (ID,ACRONYM,CITY,COUNTRY,SAP,TMDB,PLANNING_ENGINE,STATUS,LAST_UPDATE,UPDATE_INFO,UPDATED_BY,EXTENDED_SUFFIX,MENU_GROUPING,IS_SUBCONTRACTOR,VENDOR_CODE,LOCATION_CATEGORY) values (245,'ASE-KHBU_BMP','Kaohsiung','Taiwan','E124','3940','TMDB','ACTIVE',now(),null,'nxf45365',null,'BE SUBCON','1','10034049','PRODUCTION');
Insert into GLOBAL_LOCATION (ID,ACRONYM,CITY,COUNTRY,SAP,TMDB,PLANNING_ENGINE,STATUS,LAST_UPDATE,UPDATE_INFO,UPDATED_BY,EXTENDED_SUFFIX,MENU_GROUPING,IS_SUBCONTRACTOR,VENDOR_CODE,LOCATION_CATEGORY) values (246,'ATEP_ASY','Vila do Conde','Portugal','E181','1010','TMDB','ACTIVE',now(),null,'nxf45365',null,'BE SUBCON','1','10042831','PRODUCTION');
Insert into GLOBAL_LOCATION (ID,ACRONYM,CITY,COUNTRY,SAP,TMDB,PLANNING_ENGINE,STATUS,LAST_UPDATE,UPDATE_INFO,UPDATED_BY,EXTENDED_SUFFIX,MENU_GROUPING,IS_SUBCONTRACTOR,VENDOR_CODE,LOCATION_CATEGORY) values (247,'UNISEM-M_BMP','Ipoh, Perak Darul Ridzuan','Malaysia','E152','1142','TMDB','ACTIVE',now(),null,'nxf45365',null,'BE SUBCON','1','10004621','PRODUCTION');
Insert into GLOBAL_LOCATION (ID,ACRONYM,CITY,COUNTRY,SAP,TMDB,PLANNING_ENGINE,STATUS,LAST_UPDATE,UPDATE_INFO,UPDATED_BY,EXTENDED_SUFFIX,MENU_GROUPING,IS_SUBCONTRACTOR,VENDOR_CODE,LOCATION_CATEGORY) values (248,'ASKINT','Essex Junction','United States','E224','1025','TMDB','ACTIVE',now(),null,'nxf45365',null,'BE SUBCON','1','10039945','PRODUCTION');
Insert into GLOBAL_LOCATION (ID,ACRONYM,CITY,COUNTRY,SAP,TMDB,PLANNING_ENGINE,STATUS,LAST_UPDATE,UPDATE_INFO,UPDATED_BY,EXTENDED_SUFFIX,MENU_GROUPING,IS_SUBCONTRACTOR,VENDOR_CODE,LOCATION_CATEGORY) values (249,'ASE-KH_ASY','Kaohsiung','Taiwan','E122','3940','TMDB','ACTIVE',now(),null,'nxf45365',null,'BE SUBCON','1','10004558','PRODUCTION');
Insert into GLOBAL_LOCATION (ID,ACRONYM,CITY,COUNTRY,SAP,TMDB,PLANNING_ENGINE,STATUS,LAST_UPDATE,UPDATE_INFO,UPDATED_BY,EXTENDED_SUFFIX,MENU_GROUPING,IS_SUBCONTRACTOR,VENDOR_CODE,LOCATION_CATEGORY) values (250,'TFME-T_ASY','Nantong','China','E310','3310','TMDB','ACTIVE',now(),null,'nxf45365',null,'BE SUBCON','1','10046669','PRODUCTION');
Insert into GLOBAL_LOCATION (ID,ACRONYM,CITY,COUNTRY,SAP,TMDB,PLANNING_ENGINE,STATUS,LAST_UPDATE,UPDATE_INFO,UPDATED_BY,EXTENDED_SUFFIX,MENU_GROUPING,IS_SUBCONTRACTOR,VENDOR_CODE,LOCATION_CATEGORY) values (251,'TFME-S_ASY','Nantong','China','E299','3299','TMDB','ACTIVE',now(),null,'nxf45365',null,'BE SUBCON','1','10045535','PRODUCTION');
Insert into GLOBAL_LOCATION (ID,ACRONYM,CITY,COUNTRY,SAP,TMDB,PLANNING_ENGINE,STATUS,LAST_UPDATE,UPDATE_INFO,UPDATED_BY,EXTENDED_SUFFIX,MENU_GROUPING,IS_SUBCONTRACTOR,VENDOR_CODE,LOCATION_CATEGORY) values (281,'OHTFAB_DIF','Austin','United States','US7D','2775','TMDB','ACTIVE',now(),null,'nxf45365',null,null,'0',null,'PRODUCTION');
Insert into GLOBAL_LOCATION (ID,ACRONYM,CITY,COUNTRY,SAP,TMDB,PLANNING_ENGINE,STATUS,LAST_UPDATE,UPDATE_INFO,UPDATED_BY,EXTENDED_SUFFIX,MENU_GROUPING,IS_SUBCONTRACTOR,VENDOR_CODE,LOCATION_CATEGORY) values (282,'OHTFAB_BMP','Austin','United States','US7D','2775','TMDB','ACTIVE',now(),null,'nxf45365',null,null,'0',null,'PRODUCTION');
Insert into GLOBAL_LOCATION (ID,ACRONYM,CITY,COUNTRY,SAP,TMDB,PLANNING_ENGINE,STATUS,LAST_UPDATE,UPDATE_INFO,UPDATED_BY,EXTENDED_SUFFIX,MENU_GROUPING,IS_SUBCONTRACTOR,VENDOR_CODE,LOCATION_CATEGORY) values (279,'SMICS8_DIF','Shanghai','China','E189','1015','TMDB','ACTIVE',now(),null,'nxf45365',null,'FE SUBCON','1','10030110','PRODUCTION');
Insert into GLOBAL_LOCATION (ID,ACRONYM,CITY,COUNTRY,SAP,TMDB,PLANNING_ENGINE,STATUS,LAST_UPDATE,UPDATE_INFO,UPDATED_BY,EXTENDED_SUFFIX,MENU_GROUPING,IS_SUBCONTRACTOR,VENDOR_CODE,LOCATION_CATEGORY) values (301,'GF7_DIF','Singapore','Singapore','E027','1452','TMDB','ACTIVE',now(),null,'nxf45365',null,'FE SUBCON','1','10033900','PRODUCTION');
Insert into GLOBAL_LOCATION (ID,ACRONYM,CITY,COUNTRY,SAP,TMDB,PLANNING_ENGINE,STATUS,LAST_UPDATE,UPDATE_INFO,UPDATED_BY,EXTENDED_SUFFIX,MENU_GROUPING,IS_SUBCONTRACTOR,VENDOR_CODE,LOCATION_CATEGORY) values (327,'SMICS8','Shanghai','China','E189','1015','TMDB','ACTIVE',now(),null,'nxf45365',null,'FE SUBCON','1','10030110','PRODUCTION');
Insert into GLOBAL_LOCATION (ID,ACRONYM,CITY,COUNTRY,SAP,TMDB,PLANNING_ENGINE,STATUS,LAST_UPDATE,UPDATE_INFO,UPDATED_BY,EXTENDED_SUFFIX,MENU_GROUPING,IS_SUBCONTRACTOR,VENDOR_CODE,LOCATION_CATEGORY) values (381,'TSMC8','Hsin-chu','Taiwan','E116','9225','TMDB','ACTIVE',now(),null,'nxf45365',null,'FE SUBCON','1','10008992','PRODUCTION');
Insert into GLOBAL_LOCATION (ID,ACRONYM,CITY,COUNTRY,SAP,TMDB,PLANNING_ENGINE,STATUS,LAST_UPDATE,UPDATE_INFO,UPDATED_BY,EXTENDED_SUFFIX,MENU_GROUPING,IS_SUBCONTRACTOR,VENDOR_CODE,LOCATION_CATEGORY) values (382,'UDG','Dongguan','China','E194','6513','TMDB','ACTIVE',now(),null,'nxf45365',null,'BE SUBCON','1','10024126','PRODUCTION');
Insert into GLOBAL_LOCATION (ID,ACRONYM,CITY,COUNTRY,SAP,TMDB,PLANNING_ENGINE,STATUS,LAST_UPDATE,UPDATE_INFO,UPDATED_BY,EXTENDED_SUFFIX,MENU_GROUPING,IS_SUBCONTRACTOR,VENDOR_CODE,LOCATION_CATEGORY) values (383,'CREE_DIF','Durham NC','United States','E268','6620','TMDB','ACTIVE',now(),null,'nxf45365',null,'FE SUBCON','1','10039383','PRODUCTION');
Insert into GLOBAL_LOCATION (ID,ACRONYM,CITY,COUNTRY,SAP,TMDB,PLANNING_ENGINE,STATUS,LAST_UPDATE,UPDATE_INFO,UPDATED_BY,EXTENDED_SUFFIX,MENU_GROUPING,IS_SUBCONTRACTOR,VENDOR_CODE,LOCATION_CATEGORY) values (384,'SSMC_DIF','Singapore','Singapore','E028','7330','TMDB','ACTIVE',now(),null,'nxf45365',null,'FE SUBCON','1','832398','PRODUCTION');
Insert into GLOBAL_LOCATION (ID,ACRONYM,CITY,COUNTRY,SAP,TMDB,PLANNING_ENGINE,STATUS,LAST_UPDATE,UPDATE_INFO,UPDATED_BY,EXTENDED_SUFFIX,MENU_GROUPING,IS_SUBCONTRACTOR,VENDOR_CODE,LOCATION_CATEGORY) values (385,'TSMC15','Taichung','Taiwan','E147','9520','TMDB','ACTIVE',now(),null,'nxf45365',null,'FE SUBCON','1','10039393','PRODUCTION');
Insert into GLOBAL_LOCATION (ID,ACRONYM,CITY,COUNTRY,SAP,TMDB,PLANNING_ENGINE,STATUS,LAST_UPDATE,UPDATE_INFO,UPDATED_BY,EXTENDED_SUFFIX,MENU_GROUPING,IS_SUBCONTRACTOR,VENDOR_CODE,LOCATION_CATEGORY) values (386,'TSMC10_DIF','Shanghai','China','E115','4777','TMDB','ACTIVE',now(),null,'nxf45365',null,'FE SUBCON','1','10033905','PRODUCTION');
Insert into GLOBAL_LOCATION (ID,ACRONYM,CITY,COUNTRY,SAP,TMDB,PLANNING_ENGINE,STATUS,LAST_UPDATE,UPDATE_INFO,UPDATED_BY,EXTENDED_SUFFIX,MENU_GROUPING,IS_SUBCONTRACTOR,VENDOR_CODE,LOCATION_CATEGORY) values (401,'UNISEM-M_DIF','Ipoh','Malaysia','E152','1142','TMDB','ACTIVE',now(),null,'nxf45365',null,'BE SUBCON','1','10004621','PRODUCTION');
Insert into GLOBAL_LOCATION (ID,ACRONYM,CITY,COUNTRY,SAP,TMDB,PLANNING_ENGINE,STATUS,LAST_UPDATE,UPDATE_INFO,UPDATED_BY,EXTENDED_SUFFIX,MENU_GROUPING,IS_SUBCONTRACTOR,VENDOR_CODE,LOCATION_CATEGORY) values (421,'ATK-5','InCheon','South Korea','E311','3311','TMDB','ACTIVE',now(),null,'nxf45365',null,'BE SUBCON','1','10046789','PRODUCTION');
Insert into GLOBAL_LOCATION (ID,ACRONYM,CITY,COUNTRY,SAP,TMDB,PLANNING_ENGINE,STATUS,LAST_UPDATE,UPDATE_INFO,UPDATED_BY,EXTENDED_SUFFIX,MENU_GROUPING,IS_SUBCONTRACTOR,VENDOR_CODE,LOCATION_CATEGORY) values (441,'ATK-5_ASY','InCheon','South Korea','E311','3311','TMDB','ACTIVE',now(),null,'nxf45365',null,'BE SUBCON','1','10046789','PRODUCTION');
Insert into GLOBAL_LOCATION (ID,ACRONYM,CITY,COUNTRY,SAP,TMDB,PLANNING_ENGINE,STATUS,LAST_UPDATE,UPDATE_INFO,UPDATED_BY,EXTENDED_SUFFIX,MENU_GROUPING,IS_SUBCONTRACTOR,VENDOR_CODE,LOCATION_CATEGORY) values (265,'GNTC-CH_ASY','Chandler','United States','US7T','7256','TMDB','ACTIVE',now(),null,'nxf45365',null,'GNTC','0',null,'PRODUCTION');
Insert into GLOBAL_LOCATION (ID,ACRONYM,CITY,COUNTRY,SAP,TMDB,PLANNING_ENGINE,STATUS,LAST_UPDATE,UPDATE_INFO,UPDATED_BY,EXTENDED_SUFFIX,MENU_GROUPING,IS_SUBCONTRACTOR,VENDOR_CODE,LOCATION_CATEGORY) values (266,'ATTJ_ASY','Tianjin','China','CN77','2531','TMDB','ACTIVE',now(),null,'nxf45365',null,null,'0',null,'PRODUCTION');
Insert into GLOBAL_LOCATION (ID,ACRONYM,CITY,COUNTRY,SAP,TMDB,PLANNING_ENGINE,STATUS,LAST_UPDATE,UPDATE_INFO,UPDATED_BY,EXTENDED_SUFFIX,MENU_GROUPING,IS_SUBCONTRACTOR,VENDOR_CODE,LOCATION_CATEGORY) values (481,'MXIC-2_DIF','Hsin-chu','Taiwan','E315',null,'TMDB','ACTIVE',now(),null,'nxf45365',null,'FE SUBCON','1','10007649','PRODUCTION');
Insert into GLOBAL_LOCATION (ID,ACRONYM,CITY,COUNTRY,SAP,TMDB,PLANNING_ENGINE,STATUS,LAST_UPDATE,UPDATE_INFO,UPDATED_BY,EXTENDED_SUFFIX,MENU_GROUPING,IS_SUBCONTRACTOR,VENDOR_CODE,LOCATION_CATEGORY) values (501,'TSMC18_BMP','Tainan','Taiwan','E114','8624','TMDB','ACTIVE',now(),null,'nxf45365',null,'FE SUBCON','1','10045005','PRODUCTION');
Insert into GLOBAL_LOCATION (ID,ACRONYM,CITY,COUNTRY,SAP,TMDB,PLANNING_ENGINE,STATUS,LAST_UPDATE,UPDATE_INFO,UPDATED_BY,EXTENDED_SUFFIX,MENU_GROUPING,IS_SUBCONTRACTOR,VENDOR_CODE,LOCATION_CATEGORY) values (502,'TSMC18_DIF','Tainan','Taiwan','E114','8624','TMDB','ACTIVE',now(),null,'nxf45365',null,'FE SUBCON','1','10045005','PRODUCTION');
Insert into GLOBAL_LOCATION (ID,ACRONYM,CITY,COUNTRY,SAP,TMDB,PLANNING_ENGINE,STATUS,LAST_UPDATE,UPDATE_INFO,UPDATED_BY,EXTENDED_SUFFIX,MENU_GROUPING,IS_SUBCONTRACTOR,VENDOR_CODE,LOCATION_CATEGORY) values (183,'ASE-KHT','Kaohsiung','Taiwan','E123','3940','TMDB','ACTIVE',now(),null,'nxf45365',null,'BE SUBCON','1','10024298','PRODUCTION');
Insert into GLOBAL_LOCATION (ID,ACRONYM,CITY,COUNTRY,SAP,TMDB,PLANNING_ENGINE,STATUS,LAST_UPDATE,UPDATE_INFO,UPDATED_BY,EXTENDED_SUFFIX,MENU_GROUPING,IS_SUBCONTRACTOR,VENDOR_CODE,LOCATION_CATEGORY) values (196,'TSMC3','Hsin-chu','Taiwan','E116','6608','TMDB','ACTIVE',now(),null,'nxf45365',null,'FE SUBCON','1','10033904','PRODUCTION');
Insert into GLOBAL_LOCATION (ID,ACRONYM,CITY,COUNTRY,SAP,TMDB,PLANNING_ENGINE,STATUS,LAST_UPDATE,UPDATE_INFO,UPDATED_BY,EXTENDED_SUFFIX,MENU_GROUPING,IS_SUBCONTRACTOR,VENDOR_CODE,LOCATION_CATEGORY) values (221,'MXIC-2','Hsinchu','Taiwan',null,null,'I2','DELETED',now(),null,'nxf45365',null,'OTHER','1','10007649','PRODUCTION');
Insert into GLOBAL_LOCATION (ID,ACRONYM,CITY,COUNTRY,SAP,TMDB,PLANNING_ENGINE,STATUS,LAST_UPDATE,UPDATE_INFO,UPDATED_BY,EXTENDED_SUFFIX,MENU_GROUPING,IS_SUBCONTRACTOR,VENDOR_CODE,LOCATION_CATEGORY) values (283,'SMSNG1_DIF','Yongin-si','South Korea','E144','3550','TMDB','ACTIVE',now(),null,'nxf45365',null,'FE SUBCON','1','10039394','PRODUCTION');
Insert into GLOBAL_LOCATION (ID,ACRONYM,CITY,COUNTRY,SAP,TMDB,PLANNING_ENGINE,STATUS,LAST_UPDATE,UPDATE_INFO,UPDATED_BY,EXTENDED_SUFFIX,MENU_GROUPING,IS_SUBCONTRACTOR,VENDOR_CODE,LOCATION_CATEGORY) values (284,'SILTERRA_DIF','Silterra Kulim','Malaysia','E132','5657','TMDB','ACTIVE',now(),null,'nxf45365',null,'FE SUBCON','1','10039389','PRODUCTION');
Insert into GLOBAL_LOCATION (ID,ACRONYM,CITY,COUNTRY,SAP,TMDB,PLANNING_ENGINE,STATUS,LAST_UPDATE,UPDATE_INFO,UPDATED_BY,EXTENDED_SUFFIX,MENU_GROUPING,IS_SUBCONTRACTOR,VENDOR_CODE,LOCATION_CATEGORY) values (285,'SC-S_ASY','SINGAPORE','SINGAPORE','E154','7592','TMDB','ACTIVE',now(),null,'nxf45365',null,'BE SUBCON','1','10039413','PRODUCTION');
Insert into GLOBAL_LOCATION (ID,ACRONYM,CITY,COUNTRY,SAP,TMDB,PLANNING_ENGINE,STATUS,LAST_UPDATE,UPDATE_INFO,UPDATED_BY,EXTENDED_SUFFIX,MENU_GROUPING,IS_SUBCONTRACTOR,VENDOR_CODE,LOCATION_CATEGORY) values (286,'NEPES','Chungju-si','South Korea','E150','7022','TMDB','ACTIVE',now(),null,'nxf45365',null,'BE SUBCON','1','10039163','PRODUCTION');

